Fiscal Year,Guarantee Number,Partner Name,Country,Guarantee Start Date,Guarantee End Date,Final Date for Placing Loans under Coverage,Primary Target Segment Code,Secondary Target Segment Codes,Primary Target Sector Code,Secondary Target Sector Codes,Credit Agreement Type,Status,Guarantee Percentage,Current Maximum Cumulative Disbursements,Cumulative Utilization,Cumulative Utilization Percentage,Cumulative Loans,Claims,Recoveries
1999,49299G001,LGUGC,Philippines,9/15/1999,9/30/2014,9/30/2008,General,,Infra,,Loan Portfolio Guarantee,Expired,30.00%,"$24,453,000 ","$35,707,315 ",100.00%,11,$0 ,$0 
1999,674-A99-DCA-001,Investec Bank,South Africa,9/30/1999,9/26/2006,3/30/2006,General,,Infra,,Loan Guarantee,Expired,100.00%,"$10,000,000 ","$7,597,676 ",75.98%,1,$0 ,$0 
1999,674A99DCA02,GJMC,South Africa,9/30/1999,6/30/2004,1/2/2004,MunFin,,Infra,,Portable Guarantee,Expired,50.00%,"$25,000,000 ",$0 ,0.00%,0,$0 ,$0 
1999,674A99DCA02,ABSA Bank Limited,South Africa,9/30/1999,6/30/2004,1/2/2004,MunFin,,Infra,,Loan Guarantee,Expired,50.00%,"$25,000,000 ","$22,519,059 ",90.08%,1,$0 ,$0 
2000,5200425DCA01(Terminated),BanCafe,Guatemala,3/1/2000,9/20/2007,3/24/2007,Micro,,General,,Loan Portfolio Guarantee,Expired,50.00%,"$5,000,000 ","$7,398,935 ",100.00%,1743,$0 ,$0 
2000,DCAG00000000100,United Bulgarian Bank,Bulgaria,11/24/1999,9/30/2010,6/30/2010,MunFin,Other,Energy,,Loan Portfolio Guarantee,Expired,50.00%,"$10,000,000 ","$8,103,698 ",81.04%,30,$0 ,$0 
2001,115C-00-01-00025,Lariba Bank,Kazakhstan,8/10/2001,8/16/2005,2/17/2005,General,,Housing,,Bond Guarantee,Expired,50.00%,"$1,000,000 ","$500,000 ",50.00%,1,$0 ,$0 
2001,183-2000-02A,First Investment Bank,Bulgaria,9/10/2001,9/10/2008,3/14/2008,SME,,General,,Loan Portfolio Guarantee,Expired,50.00%,"$20,000,000 ","$72,872,310 ",100.00%,96,"$1,189,594 ","$12,265 "
2001,523DCAA00010001000,Wells Fargo,Mexico,2/21/2001,6/11/2004,12/14/2003,Micro,,General,,Loan Guarantee,Expired,50.00%,"$1,000,000 ","$1,000,000 ",100.00%,1,$0 ,$0 
2001,523DCAA00010001000,Union Progreso,Mexico,2/21/2001,2/21/2004,8/25/2003,Micro,,General,,Portable Guarantee,Expired,50.00%,"$1,000,000 ",$0 ,0.00%,0,$0 ,$0 
2001,523DCAA00010001100,FinComun,Mexico,2/21/2001,2/21/2004,8/25/2003,Micro,,General,,Loan Portfolio Guarantee,Expired,50.00%,"$2,500,000 ","$11,558,147 ",100.00%,18192,"$24,224 ","$4,073 "
2001,674A99DCA001,INCA,South Africa,4/19/2001,9/26/2006,3/30/2006,General,,Infra,,Portable Guarantee,Expired,100.00%,"$10,000,000 ",$0 ,0.00%,0,$0 ,$0 
2001,688DCAE205974,BICIM,Mali,9/27/2001,9/30/2009,3/31/2009,SME,,Agri,,Loan Portfolio Guarantee,Expired,50.00%,"$3,000,000 ","$1,306,188 ",43.54%,3,$0 ,$0 
2002,121-DCA-00-02-00011-00,Nadra Bank,Ukraine,9/27/2002,9/27/2007,3/31/2007,SME,,Agri,,Loan Portfolio Guarantee,Expired,50.00%,"$6,000,000 ","$3,742,833 ",62.38%,272,"$78,584 ","$4,716 "
2002,386DCA-02-0547,W.S.P.F. (Tamil Nadu),India,2/4/2002,12/20/2017,6/23/2017,General,,Water,,Bond Guarantee,Active,50.00%,"$6,400,000 ","$6,654,267 ",100.00%,1,$0 ,$0 
2002,522-DCA-2002-001,"Banco De Occidente, S.A",Honduras,8/29/2002,8/29/2009,3/2/2009,MunFin,,Infra,,Loan Portfolio Guarantee,Expired,50.00%,"$665,000 ","$661,182 ",99.43%,2,$0 ,$0 
2002,527-0409,FOGAPI,Peru,9/30/2002,9/30/2009,4/3/2009,General,,General,,Loan Portfolio Guarantee,Expired,50.00%,"$2,000,000 ","$1,981,447 ",99.07%,9,$0 ,$0 
2002,527-DCA-00405 (Terminated),Banco de Credito,Peru,7/1/2002,10/20/2006,4/23/2006,SME,,Env,,Loan Portfolio Guarantee,Expired,50.00%,"$2,000,000 ","$622,331 ",31.12%,5,$0 ,$0 
2002,DCA-524-02-01,Bancentro,Nicaragua,9/27/2002,9/27/2007,3/31/2007,SME,,General,,Loan Portfolio Guarantee,Expired,50.00%,"$5,000,000 ","$5,313,243 ",100.00%,101,$0 ,$0 
2002,DCA-608-550-001,Al Amana (Housing),Morocco,8/28/2002,8/28/2007,3/1/2007,Micro,,Housing,,Portable Guarantee,Expired,50.00%,"$5,000,000 ",$0 ,0.00%,0,$0 ,$0 
2002,DCA-608-550-002,BMCI (Al Amana MFI),Morocco,8/28/2002,3/26/2007,9/27/2006,Micro,,General,,Loan Guarantee,Expired,50.00%,"$1,000,000 ","$1,013,171 ",100.00%,1,$0 ,$0 
2002,DCA-608-550-002,Al Amana (Micro-finance),Morocco,8/28/2002,8/28/2006,3/1/2006,Micro,,General,,Portable Guarantee,Expired,50.00%,"$1,000,000 ",$0 ,0.00%,0,$0 ,$0 
2002,DCA-608-550-003,Societe Generale Marocaine de Banques,Morocco,8/28/2002,3/9/2011,8/28/2005,Micro,,Housing,,Loan Guarantee,Expired,50.00%,"$2,000,000 ","$1,969,271 ",98.46%,1,$0 ,$0 
2002,DCA-608-550-003,Zakoura (Housing),Morocco,8/28/2002,3/9/2011,9/10/2010,Micro,,Housing,,Portable Guarantee,Expired,50.00%,"$2,000,000 ",$0 ,0.00%,0,$0 ,$0 
2002,DCA-608-550-004,Zakoura (MicroFinance),Morocco,8/28/2002,10/20/2009,4/23/2009,Micro,,General,,Portable Guarantee,Expired,50.00%,"$1,000,000 ",$0 ,0.00%,0,$0 ,$0 
2002,DCA 608-550-004 (Zakoura MFI/SGMB),Societe Generale Marocaine de Banques,Morocco,8/28/2002,10/20/2009,4/23/2009,Micro,,General,,Loan Guarantee,Expired,50.00%,"$400,000 ","$426,535 ",100.00%,1,$0 ,$0 
2002,DCA 608-550-004 (Zakoura MFI/Wafa),Wafabank,Morocco,8/28/2002,7/7/2009,1/8/2009,Micro,,General,,Loan Guarantee,Expired,50.00%,"$600,000 ","$560,556 ",93.43%,1,$0 ,$0 
2002,DCA-608-550-005 (terminated),BMCE,Morocco,8/30/2002,10/25/2007,10/25/2007,General,,Housing,,Loan Portfolio Guarantee,Expired,50.00%,"$5,000,000 ","$370,682 ",7.41%,53,$0 ,$0 
2002,DCA617A020001,Allied Bank International (U) Ltd.,Uganda,2/5/2002,2/5/2007,8/9/2006,Micro,,General,,Loan Portfolio Guarantee,Expired,50.00%,"$2,000,000 ","$1,772,573 ",88.63%,39,"$7,010 ",$0 
2002,DCA617A020002,Barclays Bank of Uganda Ltd.,Uganda,2/4/2002,2/4/2007,8/8/2006,Micro,,General,,Loan Portfolio Guarantee,Expired,50.00%,"$5,500,000 ","$3,780,415 ",68.73%,17,$0 ,$0 
2002,DCA617A020003,Centenary Rural Development Bank Ltd.,Uganda,2/4/2002,2/3/2007,8/7/2006,Micro,,General,,Loan Portfolio Guarantee,Expired,50.00%,"$5,520,000 ","$5,413,611 ",98.07%,140,"$385,449 ",$0 
2002,DCA617A020004 (terminated),Citibank Uganda Ltd.,Uganda,2/4/2002,8/22/2006,2/23/2006,Micro,,General,,Loan Portfolio Guarantee,Expired,50.00%,"$273,224 ","$273,224 ",100.00%,1,$0 ,$0 
2002,DCA617A020005,Nile Bank Ltd.,Uganda,2/4/2002,2/4/2007,8/8/2006,Micro,,General,,Loan Portfolio Guarantee,Expired,50.00%,"$3,000,000 ","$2,963,082 ",98.77%,32,$0 ,$0 
2002,DCA617A020006,Stanbic Bank Uganda Ltd.,Uganda,2/2/2002,2/21/2007,8/25/2006,Micro,,General,,Loan Portfolio Guarantee,Expired,50.00%,"$6,000,000 ","$5,218,367 ",86.97%,17,"$167,906 ",$0 
2002,DCA-617-A-02-0007,Standard Chartered Bank of Uganda,Uganda,6/18/2002,6/18/2007,12/20/2006,Micro,,General,,Loan Portfolio Guarantee,Expired,50.00%,"$4,000,000 ","$3,986,347 ",99.66%,30,"$20,931 ",$0 
2002,DCA-LPG-160-02-01,Privredna Bank,Croatia,9/26/2002,12/5/2014,12/5/2007,General,,Housing,,Loan Portfolio Guarantee,Expired,50.00%,"$5,000,000 ","$3,958,094 ",79.16%,642,$0 ,$0 
2003,099-DCA-03-LG-001,Oikocredit,Worldwide,9/29/2003,9/29/2013,3/29/2010,Micro,,General,,Loan Portfolio Guarantee,Expired,50.00%,"$10,000,000 ","$4,800,000 ",48.00%,1,$0 ,$0 
2003,117-DCA-LPG-03-00001,Banca Sociala,Moldova,9/25/2003,9/25/2008,3/29/2008,SME,Micro,Agri,General,Loan Portfolio Guarantee,Expired,50.00%,"$1,000,000 ","$994,722 ",99.47%,40,$0 ,$0 
2003,117-DCA-LPG-03-00002,Moldindconbank,Moldova,9/25/2003,9/25/2008,3/29/2008,Micro,,Agri,,Loan Portfolio Guarantee,Expired,50.00%,"$2,000,000 ","$1,276,091 ",63.80%,43,$0 ,$0 
2003,117-DCA-LPG-03-00003,Mobiasbanca,Moldova,9/25/2003,9/25/2008,3/29/2008,SME,Micro,Agri,General,Loan Portfolio Guarantee,Expired,50.00%,"$4,000,000 ","$4,003,176 ",100.00%,128,"$48,660 ",$0 
2003,117-DCA-LPG-03-00004,Rural Finance Corporation,Moldova,9/25/2003,9/25/2008,3/29/2008,SME,Micro,Agri,General,Loan Portfolio Guarantee,Expired,50.00%,"$1,000,000 ","$879,773 ",87.98%,31,"$24,043 ","$11,086 "
2003,186-02-DCA-LPG-1,Raiffeisen Zentralbank,Romania,6/27/2003,12/27/2006,6/30/2006,General,,Housing,,Loan Guarantee,Expired,50.00%,"$7,000,000 ","$7,000,000 ",100.00%,1,$0 ,$0 
2003,386-DCA-03-0548,Karnataka WSPF (KUIDFC),India,9/30/2003,7/15/2020,1/17/2020,General,,Water,Infra,Bond Guarantee,Active,50.00%,"$22,857,143 ","$22,857,143 ",100.00%,1,$0 ,$0 
2003,492-DCA-03-LPG-001,OMB (Opportunity Microfinance Bank),Philippines,9/29/2003,9/29/2008,4/2/2008,Micro,,Health,,Loan Portfolio Guarantee,Expired,50.00%,"$750,000 ","$58,471 ",7.80%,13,$815 ,$0 
2003,52004250300ALPG001(Terminated),BanCafe,Guatemala,9/30/2003,9/20/2007,3/24/2007,Micro,,General,,Loan Portfolio Guarantee,Expired,50.00%,"$20,000,000 ","$20,130,179 ",100.00%,7942,$0 ,$0 
2003,522-DCA-2003-001,Fundacion Jose Maria Covelo,Honduras,9/9/2003,9/9/2010,9/9/2009,Micro,,Agri,"Forest, Indu",Loan Portfolio Guarantee,Expired,50.00%,"$1,000,000 ","$999,926 ",99.99%,279,"$8,369 ",$168 
2003,522-DCA-2003-003,Atlantida Bank,Honduras,9/10/2003,9/10/2011,9/10/2009,SME,,General,,Loan Portfolio Guarantee,Expired,50.00%,"$2,500,000 ","$1,325,148 ",53.01%,77,"$53,396 ","$26,698 "
2003,527-DCA-03-LPG-003A (Terminated),San Martin Rural S&L (CMAC de Piuria as of 2/15/2007),Peru,9/26/2003,2/15/2007,8/19/2006,Micro,,Agri,,Loan Portfolio Guarantee,Expired,50.00%,"$6,000,000 ","$344,107 ",5.74%,167,$0 ,$0 
2003,527-DCA-03-LPG-003B,Senor de Luren Rural Savings and Loan,Peru,9/26/2003,9/26/2010,3/26/2010,Micro,,Agri,,Loan Portfolio Guarantee,Expired,50.00%,"$2,000,000 ","$1,951,737 ",97.59%,1907,"$21,518 ",$0 
2003,532-DCA-03-LPG-001A-001 (Terminated),RBTT Bank,Jamaica,9/29/2003,3/30/2007,10/1/2006,SME,,Env,,Loan Portfolio Guarantee,Expired,50.00%,"$5,000,000 ","$1,416,658 ",28.33%,5,$0 ,$0 
2003,598-DCA-03-LPG-001,Root Capital Inc.-Latin America,Latin America,9/29/2003,9/29/2008,4/2/2008,SME,,Agri,"Tourism, Forest",Loan Portfolio Guarantee,Expired,50.00%,"$4,000,000 ","$3,982,250 ",99.56%,22,"$86,535 ","$64,072 "
2003,608-0550-008 (Al Amana MFII/SGMB II),Societe Generale Marocaine de Banques,Morocco,9/29/2003,11/13/2009,5/17/2009,Micro,,General,,Loan Guarantee,Expired,50.00%,"$1,000,000 ","$996,236 ",99.62%,1,$0 ,$0 
2003,615-007-DCA-03-002,Co-operative Bank of Kenya,Kenya,9/30/2003,9/29/2008,4/2/2008,SME,,Agri,,Loan Portfolio Guarantee,Expired,50.00%,"$1,000,000 ","$949,562 ",94.96%,97,$0 ,$0 
2003,615-007-DCA-03-004 (SMEP),Co-operative Bank of Kenya,Kenya,9/30/2003,9/29/2008,4/2/2008,SME,,General,,Loan Guarantee,Expired,50.00%,"$1,500,000 ","$1,385,938 ",92.40%,1,$0 ,$0 
2003,615-007-DCA-03-005 (Faulu),Co-operative Bank of Kenya,Kenya,9/30/2003,9/29/2008,4/2/2008,SME,,General,,Loan Guarantee,Expired,50.00%,"$1,500,000 ","$1,479,624 ",98.64%,1,$0 ,$0 
2003,DCA-111-LPG-03-01,Anelik Bank,Armenia,9/29/2003,9/29/2008,4/2/2008,SME,,General,,Loan Portfolio Guarantee,Expired,50.00%,"$422,487 ","$422,487 ",100.00%,4,$0 ,$0 
2003,DCA-111-LPG-03-02,Converse Bank,Armenia,9/29/2003,9/29/2008,4/2/2008,SME,,General,,Loan Portfolio Guarantee,Expired,50.00%,"$1,500,000 ","$1,415,833 ",94.39%,10,"$22,038 ","$18,062 "
2003,DCA-111-LPG-03-03,INECOBANK,Armenia,9/29/2003,9/30/2008,4/3/2008,SME,,General,,Loan Portfolio Guarantee,Expired,50.00%,"$1,500,000 ","$1,464,163 ",97.61%,37,$0 ,$0 
2003,DCA-118-3G-07A,SDM Bank,Russia,9/24/2003,9/24/2008,3/28/2008,SME,,General,,Loan Portfolio Guarantee,Expired,50.00%,"$3,000,000 ","$2,995,613 ",99.85%,53,$0 ,$0 
2003,DCA-183-LPG-03-01,Unicredit Hebros Bank,Bulgaria,9/24/2003,9/24/2010,6/30/2007,SME,,Agri,,Loan Portfolio Guarantee,Expired,50.00%,"$10,000,000 ","$2,726,565 ",27.27%,18,"$52,458 ","$16,505 "
2003,DCA-183-LPG-03-02,Post Bank of Bulgaria,Bulgaria,9/24/2003,9/24/2010,6/30/2007,SME,,Agri,,Loan Portfolio Guarantee,Expired,50.00%,"$10,000,000 ","$9,538,395 ",95.38%,74,"$130,959 ","$133,878 "
2003,DCA-263-0292-001 (Terminated),Commercial International Bank (CIB),Egypt,9/30/2003,5/15/2008,11/17/2007,General,,Water,,Loan Portfolio Guarantee,Expired,50.00%,"$40,000,000 ","$1,266,883 ",3.17%,1,$0 ,$0 
2003,DCA-388-DCA-03-LPG-001,Prime Bank,Bangladesh,9/30/2003,9/30/2010,9/30/2009,SME,,General,,Loan Portfolio Guarantee,Expired,50.00%,"$1,110,300 ","$595,225 ",53.61%,28,$0 ,$0 
2003,DCA-608-550-008,Al Amana (Micro-finance),Morocco,9/29/2003,11/13/2009,5/17/2009,Micro,,General,,Portable Guarantee,Expired,50.00%,"$4,000,000 ",$0 ,0.00%,0,$0 ,$0 
2003,DCA-608-550-008 (Al Amana MFII/SGMB1),Societe Generale Marocaine de Banques,Morocco,9/29/2003,4/27/2009,10/29/2008,Micro,,General,,Loan Guarantee,Expired,50.00%,"$3,000,000 ","$2,969,887 ",99.00%,1,$0 ,$0 
2003,DCA-608-550-009,Zakoura (MicroFinance),Morocco,9/29/2003,6/15/2010,12/17/2009,Micro,,General,,Portable Guarantee,Expired,50.00%,"$4,000,000 ",$0 ,0.00%,0,$0 ,$0 
2003,DCA-608-550-009 (Zakoura MFII/SGMB1),Societe Generale Marocaine de Banques,Morocco,9/29/2003,10/20/2009,4/23/2009,Micro,,General,,Loan Guarantee,Expired,50.00%,"$1,000,000 ","$1,066,337 ",100.00%,1,$0 ,$0 
2003,DCA-608-550-009 (Zakoura MFII/SGMB2),Societe Generale Marocaine de Banques,Morocco,9/29/2003,6/15/2010,9/29/2008,Micro,,General,,Loan Guarantee,Expired,50.00%,"$3,000,000 ","$2,766,711 ",92.22%,1,$0 ,$0 
2003,DCA-LA-440-006-03-001,Asia Commercial Bank (ACB),Vietnam,9/12/2003,9/12/2008,3/16/2008,SME,,General,,Loan Portfolio Guarantee,Expired,50.00%,"$5,000,000 ","$5,015,595 ",100.00%,86,$0 ,$0 
2003,DCA-LA-440-006-03-003,Eastern Asia Commercial Bank (EAB),Vietnam,9/12/2003,9/12/2008,3/16/2008,SME,,General,,Loan Portfolio Guarantee,Expired,50.00%,"$5,000,000 ","$4,203,721 ",84.07%,27,$0 ,$0 
2003,DCA-LPG-168-03-001,UPI Banka (INTESA SANPAOLO BANKA dd BOSNA i HERCEGOVINA),Bosnia Herzegovina,7/8/2003,7/8/2010,7/8/2007,SME,,Agri,"Tourism, Forest",Loan Portfolio Guarantee,Expired,50.00%,"$10,000,000 ","$7,623,198 ",76.23%,82,"$961,157 ","$154,895 "
2003,DCA-LPG-168-03-002,Unicredit Zagrebacka Banka,Bosnia Herzegovina,8/27/2003,8/27/2010,8/27/2007,SME,,Agri,"Tourism, Forest",Loan Portfolio Guarantee,Expired,50.00%,"$9,000,000 ","$8,712,849 ",96.81%,52,"$154,589 ","$17,400 "
2003,DCA-LPG-168-03-003 SME,Sberbank BH d.d. (formerly Volksbank BH),Bosnia Herzegovina,8/7/2003,8/7/2010,8/7/2007,SME,,Agri,"Tourism, Forest",Loan Portfolio Guarantee,Expired,50.00%,"$12,000,000 ","$10,562,232 ",88.02%,39,"$551,445 ","$28,645 "
2003,LGA-641-0137-001,Ecobank Ghana,Ghana,7/18/2003,7/17/2008,1/19/2008,SME,,General,,Loan Portfolio Guarantee,Expired,50.00%,"$3,000,000 ","$2,391,722 ",79.72%,7,"$346,146 ",$0 
2003,ProArca DCA 596-0185-0300 ALPG 001,Bancentro,Nicaragua,9/30/2003,5/7/2011,9/30/2010,SME,,Env,,Loan Portfolio Guarantee,Expired,50.00%,"$500,000 ","$355,900 ",71.18%,2,$0 ,$0 
2003,ProArca DCA 596-0185-0300 ALPG 003,Banco Cuscatlan (now Citibank),El Salvador,9/30/2003,11/6/2010,9/30/2010,SME,,Env,,Loan Portfolio Guarantee,Expired,50.00%,"$1,700,000 ","$510,800 ",30.05%,4,$0 ,$0 
2004,115-DCA-04-002(Terminated),"Kazkommertsbank, JSC",Kazakhstan,9/29/2004,6/13/2007,6/13/2007,SME,MunFin,Energy,,Loan Portfolio Guarantee,Expired,50.00%,"$15,000,000 ","$1,306,273 ",8.71%,1,$0 ,$0 
2004,117-DCA-04-005,Moldova-AgroIndBank,Moldova,9/30/2004,9/29/2009,4/2/2009,SME,Micro,Agri,General,Loan Portfolio Guarantee,Expired,50.00%,"$9,000,000 ","$8,870,856 ",98.57%,1396,"$1,195 ",$0 
2004,117-DCA-04-006,Victoriabank,Moldova,9/29/2004,9/28/2009,4/1/2009,SME,Micro,Agri,General,Loan Portfolio Guarantee,Expired,50.00%,"$6,000,000 ","$1,886,781 ",31.45%,92,"$11,554 ","$1,730 "
2004,118-DCA-04-002,NBD Bank,Russia,9/22/2004,9/22/2005,3/26/2005,SME,,General,,Portable Guarantee,Expired,50.00%,"$8,000,000 ",$0 ,0.00%,0,$0 ,$0 
2004,118-DCA-04-002 (NBD),ZAO Raiffesienbank Austria,Russia,9/22/2004,12/24/2006,6/27/2006,SME,,General,,Loan Guarantee,Expired,50.00%,"$8,000,000 ","$7,002,311 ",87.53%,1,$0 ,$0 
2004,118-DCA-04-003,Center-Invest Bank,Russia,9/24/2004,9/23/2009,3/27/2009,SME,,General,,Loan Portfolio Guarantee,Expired,50.00%,"$6,000,000 ","$4,570,886 ",76.18%,137,$0 ,$0 
2004,160-DCA-04-S1-LPG-001,Erste Bank,Croatia,9/30/2004,9/29/2015,3/29/2015,SME,Micro,Agri,,Loan Portfolio Guarantee,Active,50.00%,"$2,500,000 ","$2,499,279 ",99.97%,15,$0 ,$0 
2004,518-DCA-04-003,Banco Solidario,Ecuador,9/30/2004,9/30/2009,4/3/2009,Micro,,General,Agri,Loan Portfolio Guarantee,Expired,50.00%,"$7,400,000 ","$7,399,333 ",99.99%,13816,"$75,091 ","$6,178 "
2004,521-DCA-04-001,Sofihdes,Haiti,9/30/2004,2/28/2007,9/1/2006,SME,,General,,Loan Portfolio Guarantee,Expired,50.00%,"$2,000,000 ","$965,684 ",48.28%,13,"$93,981 ","$42,639 "
2004,521-DCA-04-002,SOGEBANK,Haiti,9/30/2004,2/28/2007,9/1/2006,Micro,,General,,Loan Portfolio Guarantee,Expired,50.00%,"$3,000,000 ","$2,996,789 ",99.89%,1414,"$60,864 ","$1,580 "
2004,524-DCA-04-002 (MicroEnt),BanPro (Banco de La Produccion),Nicaragua,9/30/2004,9/30/2014,3/31/2014,SME,,General,,Loan Portfolio Guarantee,Expired,50.00%,"$18,746,487 ","$18,619,480 ",99.32%,428,"$471,379 ","$120,886 "
2004,524-DCA-04-003 (MicroEnt) (Terminated),FINARCA (now Scotia Leasing),Nicaragua,9/30/2004,9/30/2014,2/24/2010,SME,,General,,Loan Portfolio Guarantee,Expired,50.00%,"$1,253,513 ","$1,253,513 ",100.00%,19,"$365,607 ","$6,557 "
2004,524-DCA-04-005 (Health),BanPro (Banco de La Produccion),Nicaragua,9/30/2004,9/30/2014,3/31/2014,SME,,Health,,Loan Portfolio Guarantee,Expired,50.00%,"$4,000,000 ","$3,837,399 ",95.93%,31,"$106,822 ","$99,205 "
2004,524-DCA-04-006 (Health) (Terminated),FINARCA (now Scotia Leasing),Nicaragua,9/30/2004,9/30/2014,10/20/2010,SME,,Health,,Loan Portfolio Guarantee,Expired,50.00%,"$1,000,000 ","$60,478 ",6.05%,5,$0 ,$0 
2004,532-DCA-04-002,JNBS Jamaica Nat'l Building Society,Jamaica,9/29/2004,1/31/2010,8/4/2009,Micro,Other,General,Housing,Loan Portfolio Guarantee,Expired,50.00%,"$8,500,000 ","$8,499,970 ",100.00%,12813,"$108,490 ","$4,499 "
2004,611-DCA-04-001(Terminated),Barclays Bank of Zambia,Zambia,7/12/2004,4/24/2007,10/26/2006,SME,,Agri,,Loan Portfolio Guarantee,Expired,40.00%,"$6,500,000 ","$535,500 ",8.24%,3,$0 ,$0 
2004,611-DCA-04-002 (terminated),"Finance Bank Zambia, Ltd.",Zambia,7/9/2004,2/6/2008,8/10/2007,SME,,Agri,,Loan Portfolio Guarantee,Expired,40.00%,"$5,000,000 ","$266,472 ",5.33%,8,$0 ,$0 
2004,663-DCA-04-001,Awash International Bank,Ethiopia,9/28/2004,9/28/2014,9/28/2009,SME,,Agri,,Loan Portfolio Guarantee,Expired,50.00%,"$9,000,000 ","$8,807,850 ",97.87%,44,$0 ,$0 
2004,663-DCA-04-002,Bank of Abyssinia,Ethiopia,9/28/2004,9/28/2014,9/28/2009,SME,,Agri,,Loan Portfolio Guarantee,Expired,50.00%,"$9,000,000 ","$8,714,417 ",96.83%,40,"$327,726 ",$0 
2004,674-DCA-04-S1-LG-01 (CAPITEC),Futuregrowth Asset Management,South Africa,3/30/2004,3/29/2009,9/30/2008,Micro,,General,,Loan Guarantee,Expired,50.00%,"$8,333,334 ","$7,535,795 ",90.43%,1,$0 ,$0 
2004,696-DCA-04-001,Banque de Kigali,Rwanda,9/28/2004,9/27/2012,9/28/2007,SME,,Agri,,Loan Portfolio Guarantee,Expired,40.00%,"$2,000,000 ","$1,749,920 ",87.50%,20,$0 ,$0 
2004,DCA-183-LPG-04-01 (Terminated),United Bulgarian Bank,Bulgaria,5/25/2004,5/10/2007,11/11/2006,MunFin,,Energy,,Loan Portfolio Guarantee,Expired,30.00%,"$10,000,000 ","$189,016 ",1.89%,1,$0 ,$0 
2004,DCA-518-0130-002 (SFE/ProCredit Albania),SFE (Now BanProCredit Ecuador),Ecuador,7/6/2004,7/6/2009,1/7/2009,Micro,,General,,Loan Guarantee,Expired,50.00%,"$5,000,000 ","$5,000,000 ",100.00%,1,$0 ,$0 
2004,DCA-518-0130-002 (SFE/ProCredit Albania),ProCredit Bank Sh a,Albania,7/6/2004,7/6/2009,1/7/2009,Micro,,General,,Portable Guarantee,Expired,50.00%,"$5,000,000 ",$0 ,0.00%,0,$0 ,$0 
2004,DCA 608-550-010,Societe Generale Marocaine de Banques,Morocco,9/29/2004,9/29/2009,4/2/2009,Micro,,General,,Loan Portfolio Guarantee,Expired,50.00%,"$10,000,000 ","$10,040,417 ",100.00%,14,$0 ,$0 
2004,LPG 116-DCA-04-001,Bai Tushum,Kyrgyzstan,9/30/2004,9/29/2009,4/2/2009,Micro,,Water,,Micro-Finance Institute - Loan Portfolio Guarantee,Expired,50.00%,"$1,000,000 ","$893,386 ",89.34%,1666,$0 ,$0 
2004,ProArca DCA-596-0185-0300-ALPG 001D,Lafise (Banco Lafise),Costa Rica,7/6/2004,9/30/2012,9/30/2010,SME,,Env,,Loan Portfolio Guarantee,Expired,50.00%,"$2,000,000 ","$1,683,096 ",84.15%,13,$0 ,$0 
2004,ProArca DCA-596-0185-0300 ALPG 001E,BAMER (now BAC/BAMER),Honduras,7/6/2004,9/30/2011,9/30/2010,SME,,Env,,Loan Portfolio Guarantee,Expired,50.00%,"$2,000,000 ","$943,683 ",47.18%,10,"$41,650 ",$0 
2005,111-DCA-05-005 (terminated),Cascade Credit CJSC,Armenia,8/30/2005,9/28/2007,4/1/2007,SME,,General,,Loan Portfolio Guarantee,Expired,50.00%,"$12,000,000 ","$379,747 ",3.16%,1,$0 ,$0 
2005,114-DCA-05-002,Bank Republic,Georgia,9/30/2005,9/30/2015,3/31/2015,SME,,Agri,General,Loan Portfolio Guarantee,Active,50.00%,"$6,000,000 ","$4,998,390 ",83.31%,54,$0 ,$0 
2005,117-DCA-05-007,FinCom Bank,Moldova,8/26/2005,8/26/2010,2/26/2010,SME,,Agri,,Loan Portfolio Guarantee,Expired,50.00%,"$4,000,000 ","$3,904,493 ",97.61%,75,"$2,344 ",$0 
2005,169-DCA-05-001 (Terminated),"Raiffeisenbank a.d., Beograd",Serbia,9/28/2005,9/30/2014,2/7/2011,MunFin,SME,Infra,Water,Loan Portfolio Guarantee,Active,50.00%,"$10,000,000 ","$5,873,986 ",58.74%,4,$0 ,$0 
2005,182-DCA-05-001,"Raiffeisen Bank, Tirana-Albania",Albania,9/29/2005,9/29/2019,3/31/2016,SME,Micro,General,,Loan Portfolio Guarantee,Active,50.00%,"$12,000,000 ","$11,975,383 ",99.79%,71,"$213,300 ","$1,867 "
2005,183-DCA-05-005 (Unicredit Bulbank HVB),Unicredit Bulbank (HVB Biochim),Bulgaria,9/28/2005,9/28/2013,1/1/2011,MunFin,,Infra,Water,Loan Portfolio Guarantee,Expired,50.00%,"$5,000,000 ","$1,869,968 ",37.40%,2,$0 ,$0 
2005,278-DCA-05-001,Bank of Jordan,Jordan,9/25/2005,9/25/2013,9/25/2012,SME,,General,,Loan Portfolio Guarantee,Expired,50.00%,"$5,000,000 ","$4,999,999 ",100.00%,27,"$637,873 ","$484,969 "
2005,294-DCA-05-001 (Terminated),Bank of Jordan,West Bank/Gaza,9/27/2005,3/5/2010,9/6/2009,SME,,General,,Loan Portfolio Guarantee,Expired,50.00%,"$3,500,000 ","$770,000 ",22.00%,11,"$16,625 ","$14,172 "
2005,386-DCA-05-003,Yes Bank,India,4/18/2005,4/18/2015,9/30/2012,SME,,Energy,Water,Loan Portfolio Guarantee,Expired,50.00%,"$34,669,823 ","$15,150,803 ",43.70%,3,$0 ,$0 
2005,497-DCA-05-002,Bank Danamon,Indonesia,9/30/2005,9/30/2012,4/3/2012,Micro,SME,General,,Loan Portfolio Guarantee,Expired,50.00%,"$16,400,000 ","$16,399,827 ",100.00%,9961,"$831,898 ","$106,929 "
2005,519-DCA-05-001,Banco Davivienda Salvadoreno (formerly HSBC),El Salvador,8/11/2005,8/11/2015,8/16/2014,SME,,General,,Loan Portfolio Guarantee,Active,50.00%,"$8,000,000 ","$7,999,463 ",99.99%,223,"$277,793 ","$20,051 "
2005,519-DCA-05-002 (Terminated),Banco ProCredit,El Salvador,8/11/2005,7/14/2013,7/14/2013,SME,,General,,Loan Portfolio Guarantee,Expired,50.00%,"$4,000,000 ","$731,800 ",18.30%,6,"$17,071 ",$0 
2005,522-DCA-2005-001,Fundacion Jose Maria Covelo,Honduras,9/28/2005,9/28/2012,4/1/2012,Micro,,Agri,"Forest, Indu",Loan Portfolio Guarantee,Expired,50.00%,"$2,000,000 ","$1,849,497 ",92.47%,574,"$32,591 ","$3,799 "
2005,527-DCA-05-004,CMAC de Sullana SAC,Peru,9/16/2005,9/16/2010,3/20/2010,Micro,,Agri,General,Loan Portfolio Guarantee,Expired,50.00%,"$6,000,000 ","$4,129,875 ",68.83%,1518,"$40,931 ",$0 
2005,527-DCA-05-006,EDPYME Confianza,Peru,9/21/2005,9/21/2010,3/25/2010,Micro,,Agri,General,Loan Portfolio Guarantee,Expired,50.00%,"$2,000,000 ","$1,852,325 ",92.62%,2807,"$6,203 ",$891 
2005,532-DCA-05-003,National Commercial Bank Ltd,Jamaica,9/19/2005,8/3/2012,8/4/2010,SME,,General,,Loan Portfolio Guarantee,Expired,50.00%,"$5,000,000 ","$4,996,306 ",99.93%,37,$0 ,$0 
2005,543-DCA-05-001,RBTT Bank Grenada,Grenada,3/3/2005,9/30/2012,9/30/2012,SME,,General,,Loan Portfolio Guarantee,Expired,50.00%,"$4,000,000 ","$4,017,232 ",100.00%,91,"$14,776 ",$0 
2005,615-DCA-05-005,K-Rep Bank,Kenya,9/22/2005,9/22/2010,9/22/2009,SME,,Agri,,Loan Portfolio Guarantee,Expired,50.00%,"$3,200,000 ","$1,744,366 ",54.51%,152,$0 ,$0 
2005,617-DCA-05-M1-LPG-001 (MSME),Centenary Rural Development Bank Ltd.,Uganda,3/9/2005,3/9/2009,9/10/2008,Micro,,General,,Loan Portfolio Guarantee,Expired,50.00%,"$3,000,000 ","$2,965,995 ",98.87%,132,"$86,787 ","$6,503 "
2005,617-DCA-05-M1-LPG-002 (MSME),Nile Bank Ltd.,Uganda,3/9/2005,3/9/2009,9/10/2008,Micro,,General,,Loan Portfolio Guarantee,Expired,50.00%,"$4,000,000 ","$3,113,347 ",77.83%,68,$0 ,$0 
2005,617-DCA-05-M1-LPG-005 (MSME),Stanbic Bank Uganda Ltd.,Uganda,8/22/2005,8/22/2009,2/23/2009,SME,Micro,General,,Loan Portfolio Guarantee,Expired,50.00%,"$2,700,000 ","$1,459,927 ",54.07%,19,$0 ,$0 
2005,617-DCA-05-M2-LPG-008 (Collateral) TERMINATED,Stanbic Bank Uganda Ltd.,Uganda,8/22/2005,4/30/2007,11/1/2006,SME,,Agri,,Loan Portfolio Guarantee,Expired,50.00%,"$3,314,000 ","$58,791 ",1.77%,1,$0 ,$0 
2005,617-DCA-05-S1-LPG-004 (MSME),Uganda Microfinance Union,Uganda,3/9/2005,3/9/2009,9/10/2008,Micro,,General,,Loan Portfolio Guarantee,Expired,50.00%,"$2,000,000 ","$1,943,277 ",97.16%,252,"$13,219 ",$0 
2005,641-DCA-05-003,Ecobank Ghana,Ghana,3/21/2005,3/21/2012,9/23/2011,SME,,Agri,,Loan Portfolio Guarantee,Expired,50.00%,"$7,000,000 ","$6,654,689 ",95.07%,8,$0 ,$0 
2005,663-DCA-05-001,Dashen Bank,Ethiopia,9/15/2005,9/15/2015,3/19/2015,SME,,Agri,,Loan Portfolio Guarantee,Active,50.00%,"$10,000,000 ","$9,901,912 ",99.02%,74,"$66,756 ","$25,493 "
2005,698-DCA-05-001,Root Capital Inc. - Africa,Africa Region Funded Activities,7/11/2005,7/11/2008,1/13/2008,SME,,Agri,,Loan Portfolio Guarantee,Expired,50.00%,"$2,000,000 ","$1,602,000 ",80.10%,15,$0 ,$0 
2005,DCA-608-550-001,Banque Populaire,Morocco,2/28/2005,1/30/2010,8/3/2009,Micro,,Housing,,Loan Guarantee,Expired,50.00%,"$4,000,000 ","$3,984,945 ",99.62%,1,$0 ,$0 
2006,099-DCA-06-003,Deutsche Bank (GCMC),Worldwide,3/20/2006,6/30/2011,1/1/2011,Micro,,General,,Bond Guarantee,Expired,18.61%,"$80,600,000 ","$80,600,000 ",100.00%,1,$0 ,$0 
2006,114-DCA-06-004,Oikocredit Georgia,Georgia,9/29/2006,9/27/2011,3/28/2011,Micro,,General,,Loan Guarantee,Expired,50.00%,"$1,500,000 ","$1,500,000 ",100.00%,1,$0 ,$0 
2006,167-DCA-06-001,Raiffeisen Bank Kosovo J.S.C.,Kosovo,9/30/2006,9/29/2013,9/29/2008,SME,,Agri,,Loan Portfolio Guarantee,Expired,50.00%,"$10,000,000 ","$9,911,934 ",99.12%,899,"$569,346 ","$80,481 "
2006,168-DCA-06-005,Unicredit Zagrebacka Banka,Bosnia Herzegovina,9/30/2006,9/29/2016,3/31/2016,SME,,Agri,"Tourism, Forest",Loan Portfolio Guarantee,Active,50.00%,"$16,000,000 ","$8,686,121 ",54.29%,60,"$23,121 ",$0 
2006,386-DCA-06-004 (Terminated),ICICI Bank,India,9/29/2006,6/10/2009,12/12/2008,General,,Housing,,Loan Guarantee,Expired,50.00%,"$5,750,000 ","$3,281,292 ",57.07%,1,$0 ,$0 
2006,520-DCA-06-004/5,Banrural,Guatemala,9/29/2006,9/29/2016,3/29/2016,SME,,Agri,"Tourism, Forest",Loan Portfolio Guarantee,Active,50.00%,"$15,141,317 ","$15,138,803 ",99.98%,260,$0 ,$0 
2006,522-DCA-06-006,BANHCAFE,Honduras,9/28/2006,9/28/2013,4/1/2013,MunFin,Micro,Infra,"Water, Agri",Loan Portfolio Guarantee,Expired,50.00%,"$1,333,333 ","$1,333,297 ",100.00%,16,$0 ,$0 
2006,611-DCA-06-006,Barclays Bank of Zambia,Zambia,9/29/2006,9/30/2011,4/3/2011,SME,,General,,Loan Portfolio Guarantee,Expired,50.00%,"$2,000,000 ","$1,678,281 ",83.91%,7,"$108,040 ",$0 
2006,611-DCA-06-007,"Stanbic Bank Zambia, Ltd.",Zambia,9/29/2006,9/30/2011,4/3/2011,SME,,General,,Loan Portfolio Guarantee,Expired,50.00%,"$6,000,000 ","$4,256,602 ",70.94%,50,$0 ,$0 
2006,615-DCA-06-006,FINA Bank Limited,Kenya,9/29/2006,9/28/2011,4/1/2011,SME,,General,,Loan Portfolio Guarantee,Expired,50.00%,"$5,000,000 ","$2,893,192 ",57.86%,180,"$197,363 ",$0 
2006,615-DCA-06-007,Kenya Commercial Bank Limited,Kenya,9/29/2006,9/28/2011,4/1/2011,SME,,General,,Micro-Finance Institute - Loan Portfolio Guarantee,Expired,50.00%,"$7,900,000 ","$7,823,579 ",99.03%,1094,"$893,945 ",$0 
2006,620-DCA-06-001,Zenith Bank,Nigeria,9/12/2006,9/11/2018,9/11/2015,General,,Housing,,Loan Portfolio Guarantee,Active,50.00%,"$10,000,000 ","$1,342,669 ",13.43%,27,$0 ,$0 
2006,620-DCA-06-002,Fidelity Bank,Nigeria,9/13/2006,9/12/2012,9/12/2011,SME,,Agri,,Loan Portfolio Guarantee,Expired,50.00%,"$5,000,000 ","$3,583,511 ",71.67%,10,$0 ,$0 
2006,656-DCA-06-001 (Terminated),BCI Fomento,Mozambique,3/7/2006,5/13/2010,5/13/2010,SME,,Agri,,Loan Portfolio Guarantee,Expired,50.00%,"$4,000,000 ","$2,015,511 ",50.39%,9,$0 ,$0 
2006,696-DCA-06-002,Banque Commerciale du Rwanda,Rwanda,9/30/2006,9/29/2014,9/30/2009,SME,,Agri,,Loan Portfolio Guarantee,Expired,40.00%,"$2,700,000 ","$1,072,512 ",39.72%,7,$0 ,$0 
2006,[Unallocated Zambia FY06 SME Facility],Barclays Bank of Zambia,Zambia,9/29/2006,9/30/2011,4/3/2011,SME,,General,,Loan Portfolio Guarantee,Expired,50.00%,"$4,000,000 ",$0 ,0.00%,0,$0 ,$0 
2007,099-DCA-07-004 (terminated),Urban Partnership Bank (formerly Shorebank),Worldwide,9/12/2007,5/16/2013,9/12/2010,SME,,Energy,Env,Loan Guarantee,Expired,50.00%,"$1,500,000 ","$1,500,000 ",100.00%,1,$0 ,$0 
2007,111-DCA-07-006,INECOBANK,Armenia,9/28/2007,1/12/2012,1/12/2012,SME,,General,,Portable Guarantee,Expired,50.00%,$0 ,$0 ,0.00%,0,$0 ,$0 
2007,111-DCA-07-006 (Issuer: INECOBANK) (Terminated),Cascade Credit CJSC,Armenia,9/28/2007,9/28/2014,5/30/2010,SME,,General,,Bond Guarantee,Expired,50.00%,"$9,000,000 ","$933,333 ",10.37%,1,$0 ,$0 
2007,165-DCA-07-001 (A) (SME),NLB Leasing,Macedonia,9/30/2007,9/30/2014,9/30/2013,SME,,General,,Loan Portfolio Guarantee,Expired,50.00%,"$2,500,000 ","$1,305,986 ",52.24%,34,$0 ,$0 
2007,165-DCA-07-001 (B) (SME),Universal Investment Bank-Unibanka,Macedonia,9/30/2007,9/30/2014,9/30/2013,SME,,General,,Loan Portfolio Guarantee,Expired,50.00%,"$6,500,000 ","$5,674,744 ",87.30%,78,"$410,746 ",$0 
2007,165-DCA-07-002 (A) (Energy),NLB Leasing,Macedonia,9/30/2007,9/30/2019,9/30/2016,MunFin,"SME, Other",Energy,,Loan Portfolio Guarantee,Active,50.00%,"$5,000,000 ",$0 ,0.00%,0,$0 ,$0 
2007,165-DCA-07-002 (B) (Energy),Universal Investment Bank-Unibanka,Macedonia,9/30/2007,9/30/2019,9/30/2016,MunFin,"SME, Other",Energy,,Loan Portfolio Guarantee,Active,50.00%,"$5,000,000 ","$614,319 ",12.29%,1,$0 ,$0 
2007,518-DCA-07-005,Banco Pichincha,Ecuador,5/9/2007,5/9/2012,11/11/2011,Micro,SME,Agri,"Tourism, Indu",Loan Portfolio Guarantee,Expired,50.00%,"$10,750,000 ","$10,435,953 ",97.08%,1813,$0 ,$0 
2007,518-DCA-07-006,Banco ProCredit,Ecuador,5/9/2007,5/9/2012,11/11/2011,Micro,SME,Agri,"Tourism, Indu",Loan Portfolio Guarantee,Expired,50.00%,"$2,500,000 ","$2,273,726 ",90.95%,377,"$11,232 ",$0 
2007,521-DCA-07-03A,Capital Bank,Haiti,9/12/2007,9/30/2013,3/31/2012,SME,,General,,Loan Portfolio Guarantee,Expired,50.00%,"$1,000,000 ","$985,373 ",98.54%,130,"$59,735 ",$0 
2007,521-DCA-07-03B,SOGEBANK,Haiti,9/12/2007,9/30/2013,3/31/2013,SME,,General,,Loan Portfolio Guarantee,Expired,50.00%,"$3,000,000 ","$2,947,890 ",98.26%,1724,$0 ,$0 
2007,521-DCA-07-04A,Capital Bank,Haiti,9/12/2007,9/30/2009,6/1/2009,Micro,,General,,Loan Portfolio Guarantee,Expired,50.00%,"$500,000 ","$375,646 ",75.13%,150,"$52,649 ","$12,583 "
2007,521-DCA-07-04B,SOGEBANK,Haiti,9/12/2007,9/30/2009,6/1/2009,Micro,,General,,Loan Portfolio Guarantee,Expired,50.00%,"$2,000,000 ","$1,925,956 ",96.30%,1678,"$48,459 ",$129 
2007,612-DCA-07-001 (A),Standard Bank Malawi Limited,Malawi,9/20/2007,9/20/2014,9/20/2013,SME,,Agri,,Loan Portfolio Guarantee,Expired,50.00%,"$3,000,000 ","$2,301,771 ",76.73%,40,$0 ,$0 
2007,620-DCA-07-003 (A) Terminated,Platinum Habib Bank,Nigeria,9/28/2007,9/28/2013,4/1/2013,SME,,Agri,,Loan Portfolio Guarantee,Expired,50.00%,"$5,500,000 ","$1,926,208 ",35.02%,12,$0 ,$0 
2007,624-DCA-07-001,Ecobank Ghana,West Africa,9/27/2007,9/27/2012,9/27/2009,SME,,General,,Loan Portfolio Guarantee,Expired,40.00%,"$5,000,000 ","$565,400 ",11.31%,4,$0 ,$0 
2007,645-DCA-07-01 (A),Standard Bank Swaziland,Swaziland,8/2/2007,8/1/2014,8/1/2013,SME,,General,,Loan Portfolio Guarantee,Expired,50.00%,"$5,000,000 ","$1,579,439 ",31.59%,29,"$89,814 ",$0 
2007,654-DCA-07-001,Banco de Fomento Angola (BFA),Angola,9/28/2007,9/28/2014,3/26/2012,SME,,Agri,,Loan Portfolio Guarantee,Expired,25.00%,"$15,000,000 ","$1,925,410 ",12.84%,3,$0 ,$0 
2007,674-DCA-008 [Doornkuil-Basil Read],Old Mutual Life Assurance Company (South Africa) Limited,South Africa,9/30/2007,9/30/2012,9/30/2012,General,,Housing,,Loan Guarantee,Expired,50.00%,"$8,860,000 ","$7,860,939 ",88.72%,1,$0 ,$0 
2007,674-DCA-07-009 [Real People],Old Mutual Life Assurance Company (South Africa) Limited,South Africa,9/26/2007,9/26/2012,9/30/2012,General,,Housing,,Loan Guarantee,Expired,50.00%,"$11,373,209 ","$9,806,548 ",86.22%,1,$0 ,$0 
2007,685-DCA-07-001 (B),Ecobank/Senegal,Senegal,9/26/2007,9/26/2014,3/30/2014,SME,,General,,Loan Portfolio Guarantee,Expired,50.00%,"$4,000,000 ","$3,573,912 ",89.35%,57,$0 ,$0 
2007,685-DCA-07-001 (C),CBAO - AttijariWafabank,Senegal,9/26/2007,9/26/2014,3/30/2014,SME,,General,,Loan Portfolio Guarantee,Expired,50.00%,"$3,000,000 ","$684,254 ",22.81%,15,$0 ,$0 
2007,[Unallocated Swaziland Gtee],Standard Bank Swaziland,Swaziland,8/2/2007,8/1/2014,2/2/2014,SME,,General,,Loan Portfolio Guarantee,Expired,50.00%,"$15,000,000 ",$0 ,0.00%,0,$0 ,$0 
2008,099-DCA-08-004A (Terminated),Apoyo Integral,El Salvador,9/22/2008,9/22/2018,9/17/2014,General,,Housing,,Loan Portfolio Guarantee,Active,45.00%,"$1,000,000 ","$613,390 ",61.34%,28,$0 ,$0 
2008,099-DCA-08-004B (Termination),AMC,El Salvador,9/22/2008,9/17/2014,9/17/2014,General,,Housing,,Loan Portfolio Guarantee,Active,45.00%,"$1,000,000 ","$77,870 ",7.79%,5,$0 ,$0 
2008,099-DCA-08-005,Oikocredit,Worldwide,9/22/2008,9/22/2018,3/26/2018,Micro,,General,,Loan Portfolio Guarantee,Active,50.00%,"$33,305,050 ","$29,273,347 ",87.89%,60,$0 ,$0 
2008,116-DCA-08-002,Kompanion,Kyrgyzstan,9/25/2008,9/25/2015,9/25/2014,Micro,,Edu,,Loan Portfolio Guarantee,Expired,50.00%,"$1,000,000 ","$47,470 ",4.75%,137,$0 ,$0 
2008,116-DCA-08-003 (Terminated),Kyrgyz Investment and Credit Bank (KICB),Kyrgyzstan,9/30/2008,9/30/2015,9/30/2014,Micro,,Edu,,Loan Portfolio Guarantee,Expired,50.00%,"$500,000 ","$75,366 ",15.07%,37,$0 ,$0 
2008,182-DCA-08-002(A) (Terminated),BKT (National Commercial Bank),Albania,9/29/2008,9/29/2018,4/13/2012,MunFin,,Infra,Water,Loan Portfolio Guarantee,Active,50.00%,"$1,540,292 ","$1,540,292 ",100.00%,3,$0 ,$0 
2008,182-DCA-08-002(B) (Terminated),"Raiffeisen Bank, Tirana-Albania",Albania,9/29/2008,9/30/2014,4/13/2012,MunFin,,Infra,Water,Loan Portfolio Guarantee,Active,50.00%,"$157,074 ","$157,074 ",100.00%,1,$0 ,$0 
2008,383-DCA-08-002,Lanka Orix Leasing Company,Sri Lanka,9/18/2008,9/18/2012,3/22/2012,Micro,,General,Agri,Portable Guarantee,Expired,50.00%,"$5,000,000 ",$0 ,0.00%,0,$0 ,$0 
2008,383-DCA-08-002,MicroVest (formerly Minlam),Sri Lanka,9/18/2008,6/30/2013,2/12/2013,Micro,,General,Agri,Loan Guarantee,Expired,50.00%,"$5,000,000 ","$5,040,594 ",100.00%,1,$0 ,$0 
2008,492-DCA-08-003,LGUGC,Philippines,9/24/2008,9/24/2023,9/24/2018,General,,Water,Infra,Loan Portfolio Guarantee,Active,50.00%,"$37,500,000 ","$20,311,179 ",54.16%,11,$0 ,$0 
2008,504-DCA-08-001,Institute for Private Enterprise Development (IPED),Guyana,9/29/2008,9/29/2013,3/29/2013,Micro,,General,,Loan Portfolio Guarantee,Expired,50.00%,"$4,719,798 ","$2,894,340 ",61.32%,1692,$0 ,$0 
2008,514-DCA-08-001,Bancompartir (formerly Finamerica),Colombia,9/29/2008,9/29/2014,4/2/2014,Micro,,General,,Loan Portfolio Guarantee,Expired,50.00%,"$8,000,000 ","$8,000,018 ",100.00%,4061,"$598,626 ","$1,762 "
2008,517-DCA-08-001,BancoADEMI,Dominican Republic,9/29/2008,9/29/2013,4/2/2013,SME,Micro,Agri,,Loan Portfolio Guarantee,Expired,50.00%,"$10,000,000 ","$9,999,915 ",100.00%,3548,"$30,072 ",$0 
2008,521-DCA-08-05,ACME (ASSOCIATION POUR LA COOPERATION AVEC LA MICRO-ENTERPRISE),Haiti,9/30/2008,9/30/2013,4/3/2013,Micro,,General,,Loan Portfolio Guarantee,Expired,50.00%,"$2,000,000 ","$1,999,809 ",99.99%,1480,"$112,300 ",$0 
2008,521-DCA-08-06,Sofihdes,Haiti,9/30/2008,9/30/2013,4/3/2013,SME,,General,,Loan Portfolio Guarantee,Expired,50.00%,"$4,000,000 ","$4,003,686 ",100.00%,56,"$378,837 ","$16,801 "
2008,526-DCA-08-001,Banco Regional,Paraguay,9/30/2008,9/30/2018,3/31/2018,SME,Micro,Agri,,Loan Portfolio Guarantee,Expired,50.00%,"$1,664,112 ","$625,278 ",37.57%,12,$0 ,$0 
2008,526-DCA-08-002,Financiera El Comercio,Paraguay,9/30/2008,9/30/2014,4/3/2014,SME,Micro,Agri,,Loan Portfolio Guarantee,Expired,50.00%,"$1,600,000 ","$1,596,339 ",99.77%,160,$0 ,$0 
2008,532-DCA-08-004,JNBS Jamaica Nat'l Building Society,Jamaica,9/17/2008,9/17/2015,3/21/2015,Micro,SME,General,,Loan Portfolio Guarantee,Active,50.00%,"$5,060,000 ","$5,059,570 ",99.99%,7455,"$56,636 ",$0 
2008,532-DCA-08-005 (Terminated),National Commercial Bank Ltd,Jamaica,9/17/2008,9/17/2015,2/9/2013,SME,,General,,Loan Portfolio Guarantee,Active,50.00%,"$3,300,000 ","$585,129 ",17.73%,7,$0 ,$0 
2008,611-DCA-08-008,African Banking Corporation Zambia Limited (ABC),Zambia,9/26/2008,9/26/2018,9/26/2013,SME,,General,,Loan Portfolio Guarantee,Active,50.00%,"$5,000,000 ","$740,482 ",14.81%,3,$0 ,$0 
2008,615-DCA-08-009,K-Rep Bank,Kenya,9/19/2008,9/19/2019,3/18/2018,General,,Water,,Loan Portfolio Guarantee,Active,50.00%,"$4,004,614 ","$2,942,033 ",73.47%,33,"$34,606 ",$0 
2008,615-DCA-08-010,Faulu Kenya Deposit Taking Microfinance Limited,Kenya,9/29/2008,9/29/2014,4/2/2014,Micro,,Health,,Portable Guarantee,Expired,50.00%,"$5,000,000 ",$0 ,0.00%,0,$0 ,$0 
2008,615-DCA-08-010 (Loan to Faulu),Bank of Africa Kenya Limited,Kenya,9/28/2008,9/8/2016,9/8/2015,Micro,,Health,,Loan Guarantee,Active,50.00%,"$5,000,000 ","$5,000,000 ",100.00%,1,$0 ,$0 
2008,615-DCA-08-08(A),Oikocredit,Kenya,9/18/2008,9/18/2018,3/31/2018,Micro,,General,,Loan Portfolio Guarantee,Active,50.00%,"$7,635,591 ","$5,822,183 ",76.25%,14,"$578,511 ",$0 
2008,615- DCA-08-08(B),Equity Bank,Kenya,9/18/2008,9/18/2015,9/18/2014,Micro,,General,,Loan Portfolio Guarantee,Active,50.00%,"$1,012,270 ","$1,012,270 ",100.00%,4,$0 ,$0 
2008,621-DCA-08-001,CRDB Bank PLC,Tanzania,9/23/2008,9/23/2018,4/1/2016,SME,,Agri,,Loan Portfolio Guarantee,Active,50.00%,"$20,000,000 ","$19,976,511 ",99.88%,274,"$1,877,714 ",$0 
2008,641-DCA-08-004,Opportunity International Savings and Loan Limited (OISL),Ghana,9/30/2008,9/30/2016,9/30/2013,SME,,Edu,,Loan Portfolio Guarantee,Active,50.00%,"$5,000,000 ","$2,530,918 ",50.62%,354,"$19,358 ",$0 
2008,645-DCA-07-01(B),Nedbank Swaziland Limited,Swaziland,1/23/2008,1/23/2015,1/23/2014,SME,,General,,Loan Portfolio Guarantee,Expired,50.00%,"$5,000,000 ","$4,247,893 ",84.96%,25,"$189,400 ",$0 
2008,654-DCA-08-002,Banco Comercial Angolano (BCA),Angola,9/26/2008,9/26/2016,3/26/2012,SME,,General,,Loan Portfolio Guarantee,Active,50.00%,"$6,450,000 ","$259,405 ",4.02%,5,$0 ,$0 
2008,660-DCA-08-001,Trust Merchant Bank,Democratic Republic of the Congo,9/26/2008,9/26/2015,12/26/2014,SME,,General,,Loan Portfolio Guarantee,Active,50.00%,"$5,000,000 ","$1,638,112 ",32.76%,112,$0 ,$0 
2008,663-DCA-08-004,Bank of Abyssinia,Ethiopia,9/26/2008,9/26/2015,3/30/2015,SME,Women,General,,Loan Portfolio Guarantee,Active,50.00%,"$4,280,000 ","$1,774,726 ",41.47%,29,"$5,402 ",$0 
2008,663-DCA-08-005(A),Bank of Abyssinia,Ethiopia,9/26/2008,9/26/2020,9/26/2017,SME,Diasp,General,,Loan Portfolio Guarantee,Active,50.00%,"$6,420,000 ","$4,802,010 ",74.80%,10,"$3,428 ",$0 
2008,663-DCA-08-005(B) (Terminated),Nib Bank International S.C.,Ethiopia,9/26/2008,9/26/2020,6/11/2014,SME,Diasp,General,,Loan Portfolio Guarantee,Active,50.00%,"$6,420,000 ","$2,261,467 ",35.23%,11,$0 ,$0 
2008,695-DCA-08-001,Interbank Burundi,Burundi,9/18/2008,9/18/2015,3/22/2015,SME,,Agri,,Loan Portfolio Guarantee,Active,50.00%,"$3,000,000 ","$1,812,742 ",60.42%,22,"$7,748 ",$0 
2008,[Reserved Facility for El Salvador MFIC Guarantee] (Terminated),Apoyo Integral,El Salvador,9/22/2008,9/22/2018,9/17/2014,General,,Housing,,Loan Portfolio Guarantee,Active,45.00%,"$2,800,000 ",$0 ,0.00%,0,$0 ,$0 
2009,099-DCA-09-006,Grameen Foundation USA,Worldwide,9/30/2009,3/31/2015,12/31/2013,Micro,,General,,Portable Guarantee,Expired,40.00%,"$16,517,116 ",$0 ,0.00%,0,$0 ,$0 
2009,099-DCA-09-006A (Asociacion Arariwa),ABACO (Grameen co-guarantee),Worldwide,9/30/2009,9/24/2013,3/23/2012,Micro,,General,,Loan Guarantee,Expired,40.00%,"$1,000,000 ","$980,144 ",98.01%,1,$0 ,$0 
2009,099-DCA-09-006B (Pro Mujer Peru),ABACO (Grameen co-guarantee),Worldwide,9/30/2009,9/19/2014,3/23/2012,Micro,,General,,Loan Guarantee,Expired,40.00%,"$2,000,000 ","$1,960,289 ",98.01%,1,$0 ,$0 
2009,099-DCA-09-006C (ProEmpresa),ABACO (Grameen co-guarantee),Worldwide,9/30/2009,8/5/2013,7/11/2012,Micro,,General,,Loan Guarantee,Expired,40.00%,"$2,000,000 ","$2,007,491 ",100.00%,1,$0 ,$0 
2009,099-DCA-09-006D (Pro Mujer Peru),ABACO (Grameen co-guarantee),Worldwide,9/30/2009,3/31/2015,10/8/2012,Micro,,General,,Loan Guarantee,Expired,40.00%,"$1,000,000 ","$1,030,888 ",100.00%,1,$0 ,$0 
2009,099-DCA-09-006E (Pro Mujer Bolivia),CAPITAL SAFI (Grameen co-guarantee),Worldwide,9/30/2009,7/30/2014,9/13/2012,Micro,,General,,Loan Guarantee,Expired,15.00%,"$2,049,781 ","$2,011,494 ",98.13%,1,$0 ,$0 
2009,099-DCA-09-006F (COCLA),ABACO (Grameen co-guarantee),Worldwide,9/30/2009,8/20/2014,2/11/2013,Micro,,General,,Loan Guarantee,Expired,40.00%,"$1,780,000 ","$1,780,000 ",100.00%,1,"$368,130 ",$0 
2009,099-DCA-09-006G (Manuela Ramos),ABACO (Grameen co-guarantee),Worldwide,9/30/2009,11/28/2014,5/25/2013,Micro,,General,,Loan Guarantee,Expired,20.00%,"$1,200,000 ","$1,158,301 ",96.53%,1,$0 ,$0 
2009,099-DCA-09-006H (Fundacion Sartawi),CAPITAL SAFI (Grameen co-guarantee),Worldwide,9/30/2009,1/24/2015,2/28/2013,Micro,,General,,Loan Guarantee,Expired,40.00%,"$1,537,335 ","$1,508,621 ",98.13%,1,$0 ,$0 
2009,114-DCA-09-005,Crystal JSC,Georgia,9/15/2009,9/30/2014,4/3/2014,Micro,,General,,Portable Guarantee,Expired,50.00%,"$1,000,000 ",$0 ,0.00%,0,$0 ,$0 
2009,114-DCA-09-005A,TBC Bank,Georgia,9/15/2009,12/29/2010,9/15/2012,Micro,,General,,Loan Guarantee,Expired,50.00%,"$300,000 ","$300,000 ",100.00%,1,$0 ,$0 
2009,114-DCA-09-005B,Oikocredit Georgia,Georgia,9/15/2009,9/14/2014,9/15/2012,Micro,,General,,Loan Guarantee,Expired,50.00%,"$700,000 ","$700,000 ",100.00%,1,$0 ,$0 
2009,165-DCA-09-003A,FULM,Macedonia,9/18/2009,9/18/2024,3/31/2018,Micro,,General,,Loan Portfolio Guarantee,Active,50.00%,"$2,000,000 ","$1,452,750 ",72.64%,745,"$1,184 ",$0 
2009,165-DCA-09-003B,Mozhnosti,Macedonia,9/18/2009,9/18/2024,3/31/2018,Micro,,General,,Loan Portfolio Guarantee,Active,50.00%,"$3,000,000 ","$2,653,218 ",88.44%,455,"$7,074 ",$0 
2009,168-DCA-09-006 (Terminated),Raiffeisen Bank Bosnia,Bosnia Herzegovina,9/30/2009,6/15/2014,6/15/2014,General,,Energy,,Loan Portfolio Guarantee,Active,50.00%,"$7,285,658 ","$14,522 ",0.20%,1,$0 ,$0 
2009,521-DCA-09-007,Le Levier (La Federation des Caisses Populaires Haitiennes),Haiti,9/30/2009,9/30/2015,3/31/2015,Micro,,Agri,,Portable Guarantee,Active,50.00%,"$7,500,000 ",$0 ,0.00%,0,$0 ,$0 
2009,521-DCA-09-007A (SOCOLAVIM),Le Levier (La Federation Des Caisses Populaires Haitiennes),Haiti,9/30/2009,9/30/2015,3/31/2015,Micro,,Agri,,Loan Portfolio Guarantee,Active,50.00%,"$1,875,000 ","$1,150,297 ",61.35%,1077,$0 ,$0 
2009,521-DCA-09-007B (COOPECPRA),Le Levier (La Federation Des Caisses Populaires Haitiennes),Haiti,9/30/2009,9/30/2015,3/31/2015,Micro,,Agri,,Loan Portfolio Guarantee,Active,50.00%,"$425,000 ","$354,090 ",83.32%,337,$0 ,$0 
2009,521-DCA-09-007C (KPD),Le Levier (La Federation Des Caisses Populaires Haitiennes),Haiti,9/30/2009,9/30/2015,3/31/2015,Micro,,Agri,,Loan Portfolio Guarantee,Expired,50.00%,"$275,000 ","$274,074 ",99.66%,297,$0 ,$0 
2009,521-DCA-09-007E (KEPOMEK),Le Levier (La Federation Des Caisses Populaires Haitiennes),Haiti,9/30/2009,9/30/2015,3/31/2015,Micro,,Agri,,Loan Portfolio Guarantee,Active,50.00%,"$312,500 ","$23,988 ",7.68%,26,$0 ,$0 
2009,521-DCA-09-007F (CAPOMAR),Le Levier (La Federation Des Caisses Populaires Haitiennes),Haiti,9/30/2009,9/30/2015,3/31/2015,Micro,,Agri,,Loan Portfolio Guarantee,Active,50.00%,"$175,000 ","$3,620 ",2.07%,5,$0 ,$0 
2009,521-DCA-09-007G (CAPOSAC),Le Levier (La Federation Des Caisses Populaires Haitiennes),Haiti,9/30/2009,9/30/2015,3/31/2015,Micro,,Agri,,Loan Portfolio Guarantee,Active,50.00%,"$1,525,000 ","$1,278,504 ",83.84%,606,$0 ,$0 
2009,521-DCA-09-007H (CAPAJ),Le Levier (La Federation Des Caisses Populaires Haitiennes),Haiti,9/30/2009,9/30/2015,3/31/2015,Micro,,Agri,,Loan Portfolio Guarantee,Active,50.00%,"$800,000 ","$177,072 ",22.13%,9,$0 ,$0 
2009,521-DCA-09-007I UNALLOCATED,Le Levier (La Federation Des Caisses Populaires Haitiennes),Haiti,9/30/2009,9/30/2015,3/30/2015,Micro,,Agri,,Loan Portfolio Guarantee,Active,50.00%,$0 ,$0 ,0.00%,0,$0 ,$0 
2009,521-DCA-09-007J (CPF),Le Levier (La Federation Des Caisses Populaires Haitiennes),Haiti,9/30/2009,9/30/2015,4/3/2015,Micro,,Agri,,Loan Portfolio Guarantee,Active,50.00%,"$633,750 ",$0 ,0.00%,0,$0 ,$0 
2009,521-DCA-09-007K (KPTAT),Le Levier (La Federation Des Caisses Populaires Haitiennes),Haiti,9/30/2009,9/30/2015,4/3/2015,Micro,,Agri,,Loan Portfolio Guarantee,Active,50.00%,"$211,250 ","$150,959 ",71.46%,131,$0 ,$0 
2009,521-DCA-09-007L (CAPOSOV),Le Levier (La Federation Des Caisses Populaires Haitiennes),Haiti,9/30/2009,9/30/2015,4/3/2015,Micro,,Agri,,Loan Portfolio Guarantee,Active,50.00%,"$211,250 ",$0 ,0.00%,0,$0 ,$0 
2009,521-DCA-09-007M (KOPLES),Le Levier (La Federation Des Caisses Populaires Haitiennes),Haiti,9/30/2009,9/30/2015,4/3/2015,Micro,,Agri,,Loan Portfolio Guarantee,Active,50.00%,"$633,750 ",$0 ,0.00%,0,$0 ,$0 
2009,521-DCA-09-007N (CPRCM),Le Levier (La Federation Des Caisses Populaires Haitiennes),Haiti,9/30/2009,9/30/2015,4/3/2015,Micro,,Agri,,Loan Portfolio Guarantee,Active,50.00%,"$422,500 ","$18,812 ",4.45%,28,$0 ,$0 
2009,527-DCA-09-008,CMAC de Maynas,Peru,9/22/2009,9/22/2014,3/26/2014,Micro,,Agri,,Loan Portfolio Guarantee,Expired,50.00%,"$4,000,000 ","$3,779,473 ",94.49%,2155,"$71,528 ","$2,469 "
2009,527-DCA-09-009,Senor de Luren Rural Savings and Loan,Peru,9/29/2009,9/29/2014,4/2/2014,Micro,,Agri,,Loan Portfolio Guarantee,Expired,50.00%,"$4,000,000 ","$3,963,592 ",99.09%,973,"$120,416 ",$0 
2009,611-DCA-09-009,Zambia National Commercial Bank PLC (ZANACO),Zambia,9/29/2009,9/29/2019,9/29/2016,SME,,General,,Loan Portfolio Guarantee,Active,50.00%,"$5,000,000 ","$4,989,598 ",99.79%,66,$0 ,$0 
2009,612-DCA-07-001(B),Opportunity International Bank of Malawi,Malawi,12/4/2008,9/20/2014,9/20/2013,SME,,Agri,,Loan Portfolio Guarantee,Expired,50.00%,"$2,000,000 ","$1,860,863 ",93.04%,70,"$55,272 ",$0 
2009,613-DCA-09-001,Standard Chartered Bank of Zimbabwe,Zimbabwe,9/30/2009,9/30/2014,4/3/2014,SME,,Agri,,Loan Portfolio Guarantee,Expired,50.00%,"$40,000,000 ","$24,000,000 ",60.00%,9,$0 ,$0 
2009,617-DCA-09-001,Kalangala Infrastructure Services,Uganda,6/30/2009,6/30/2026,1/1/2026,General,,Infra,,Portable Guarantee,Active,60.00%,"$20,000,000 ",$0 ,0.00%,0,$0 ,$0 
2009,617-DCA-09-001(Co-guarantee with Guarantco for Kalangala Infrastructure Services),Nedbank Limited (South Africa),Uganda,6/30/2009,4/30/2025,11/1/2024,General,,Infra,,Loan Guarantee,Active,60.00%,"$5,000,000 ","$5,000,000 ",100.00%,1,$0 ,$0 
2009,669-DCA-09-001,Ecobank Liberia Limited,Liberia,9/30/2009,9/30/2019,3/31/2016,SME,,Agri,Energy,Loan Portfolio Guarantee,Active,50.00%,"$4,240,000 ","$1,343,567 ",31.69%,10,$0 ,$0 
2009,674-DCA-09-012 (Terminated),Blue Financial Services Limited,South Africa,6/23/2009,6/23/2019,6/12/2014,SME,,General,,Loan Portfolio Guarantee,Active,50.00%,"$20,000,000 ","$4,483,418 ",22.42%,50,"$36,051 ",$0 
2010,099-DCA-10-007,MicroVest (formerly Minlam),Worldwide,1/19/2010,1/19/2017,7/23/2016,Micro,,General,,Loan Portfolio Guarantee,Active,50.00%,"$10,000,000 ","$3,445,627 ",34.46%,4,$0 ,$0 
2010,099-DCA-10-008,"Root Capital, Inc.",Worldwide,3/4/2010,3/4/2020,3/4/2019,SME,,Agri,,Loan Portfolio Guarantee,Active,50.00%,"$22,170,000 ","$13,737,055 ",61.96%,63,"$898,459 ","$1,772 "
2010,112-DCA-10-01A,ACCESS BANK,Azerbaijan,9/30/2010,9/30/2015,9/30/2014,SME,,Agri,"Indu, Trade",Loan Portfolio Guarantee,Active,50.00%,"$1,650,000 ","$1,637,500 ",99.24%,21,$0 ,$0 
2010,112-DCA-10-01B,DEMIR Bank,Azerbaijan,9/30/2010,9/30/2015,9/30/2014,SME,,Agri,"Indu, Trade",Loan Portfolio Guarantee,Active,50.00%,"$1,650,000 ","$1,648,350 ",99.90%,128,$0 ,$0 
2010,114-DCA-10-007 (Terminated),"BASISBANK, JSC",Georgia,9/27/2010,9/27/2018,9/30/2012,SME,,General,,Loan Portfolio Guarantee,Active,50.00%,"$9,000,000 ","$996,414 ",11.07%,38,$0 ,$0 
2010,114-DCA-10-008,TBC Bank,Georgia,7/21/2010,2/24/2012,9/30/2011,General,,Health,,Loan Guarantee,Expired,50.00%,"$8,000,000 ","$6,400,000 ",80.00%,1,$0 ,$0 
2010,114-DCA-10-009 (Terminated),TBC Bank,Georgia,9/30/2010,9/30/2020,6/5/2015,General,,Health,,Loan Portfolio Guarantee,Active,50.00%,"$20,000,000 ","$6,033,573 ",30.17%,3,$0 ,$0 
2010,168-DCA-010-007 (Sida),Raiffeisen Bank Bosnia,Bosnia Herzegovina,9/28/2010,9/28/2020,3/28/2016,SME,,Agri,"Tourism, Forest",Loan Portfolio Guarantee,Active,50.00%,"$10,000,000 ","$6,923,679 ",69.24%,23,$0 ,$0 
2010,168-DCA-010-008 (Sida) (Terminated),Sberbank BH d.d. (formerly Volksbank BH),Bosnia Herzegovina,9/28/2010,9/28/2020,11/5/2014,SME,,Agri,"Tourism, Forest",Loan Portfolio Guarantee,Active,50.00%,"$20,000,000 ","$10,034,907 ",50.17%,22,$0 ,$0 
2010,438-DCA-10-001 (A),Khan Bank,Mongolia,1/14/2010,1/13/2020,1/13/2017,SME,,General,,Loan Portfolio Guarantee,Active,50.00%,"$7,000,000 ","$6,245,362 ",89.22%,39,$0 ,$0 
2010,438-DCA-10-001 (B),Xac Bank,Mongolia,1/14/2010,1/13/2020,1/13/2017,SME,,General,,Loan Portfolio Guarantee,Active,50.00%,"$18,000,000 ","$17,624,487 ",97.91%,174,"$136,018 ",$73 
2010,497-DCA-10-003,Bank Andara,Indonesia,6/21/2010,6/21/2014,12/23/2013,Micro,,General,,Loan Portfolio Guarantee,Expired,50.00%,"$13,000,000 ","$12,965,302 ",99.73%,104,"$62,638 ","$4,167 "
2010,497-DCA-10-004,"Standard Chartered Bank, Indonesia Branch",Indonesia,8/11/2010,8/11/2016,2/13/2016,SME,,General,,Loan Portfolio Guarantee,Active,50.00%,"$18,360,137 ","$18,523,508 ",100.00%,319,"$474,167 ",$0 
2010,497-DCA-10-005,PT Mitra Bisnis Keluarga (MBK),Indonesia,9/24/2010,7/30/2015,9/24/2013,Micro,,General,,Portable Guarantee,Expired,50.00%,"$8,000,000 ",$0 ,0.00%,0,$0 ,$0 
2010,497-DCA-10-005A,Bank Muamalat Indonesia,Indonesia,9/24/2010,7/30/2014,9/24/2013,Micro,,General,,Loan Guarantee,Expired,50.00%,"$1,150,000 ","$1,101,928 ",95.82%,1,$0 ,$0 
2010,497-DCA-10-005B,Bank Andara,Indonesia,9/24/2010,3/8/2015,9/9/2014,Micro,,General,,Loan Guarantee,Expired,50.00%,"$1,700,000 ","$1,652,893 ",97.23%,1,$0 ,$0 
2010,497-DCA-10-005C,Bank Muamalat Indonesia,Indonesia,9/24/2010,3/7/2015,9/8/2014,Micro,,General,,Loan Guarantee,Expired,50.00%,"$1,612,900 ","$1,587,302 ",98.41%,1,$0 ,$0 
2010,514-DCA-10-002,Bancamia,Colombia,9/15/2010,9/15/2017,9/15/2016,Micro,,General,,Loan Portfolio Guarantee,Active,50.00%,"$25,900,000 ","$25,899,996 ",100.00%,17582,"$236,203 ","$8,686 "
2010,517-DCA-10-002A,Cooperativa Mamoncito,Dominican Republic,7/7/2010,7/7/2017,7/7/2014,SME,Micro,Agri,,Loan Portfolio Guarantee,Active,50.00%,"$1,690,000 ","$653,302 ",38.66%,11,$0 ,$0 
2010,517-DCA-10-002B,Cooperativa ADEPE,Dominican Republic,7/7/2010,7/7/2017,7/7/2014,SME,Micro,Agri,,Loan Portfolio Guarantee,Active,50.00%,"$1,690,000 ","$822,556 ",48.67%,179,$0 ,$0 
2010,521-DCA-10-008,SOGEBANK,Haiti,9/29/2010,9/29/2016,9/30/2014,SME,,General,,Loan Portfolio Guarantee,Active,50.00%,"$15,000,000 ","$10,024,672 ",66.83%,282,"$4,498 ",$0 
2010,521-DCA-10-009,Sofihdes,Haiti,9/29/2010,9/29/2016,9/30/2014,SME,,General,,Loan Portfolio Guarantee,Active,50.00%,"$5,000,000 ","$4,993,230 ",99.86%,54,"$77,435 ",$0 
2010,527-DCA-10-010A,Mibanco (formerly Financiera Edyficar),Peru,9/24/2010,9/24/2017,3/31/2016,Micro,SME,Agri,,Loan Portfolio Guarantee,Active,50.00%,"$3,000,000 ","$2,999,964 ",100.00%,1746,"$109,374 ",$296 
2010,527-DCA-10-010B,Financiera Confianza (formerly Caja Nuestra Gente),Peru,9/24/2010,9/24/2017,3/31/2016,Micro,SME,Agri,,Loan Portfolio Guarantee,Active,50.00%,"$5,000,000 ","$4,999,367 ",99.99%,6098,"$65,262 ",$0 
2010,527-DCA-10-010C,Financiera Proempresa,Peru,9/24/2010,9/24/2017,3/31/2016,Micro,SME,Agri,,Loan Portfolio Guarantee,Active,50.00%,"$2,000,000 ","$826,185 ",41.31%,385,$0 ,$0 
2010,527-DCA-10-010D,Senor de Luren Rural Savings and Loan,Peru,9/24/2010,9/24/2017,3/31/2016,Micro,SME,Agri,,Loan Portfolio Guarantee,Active,50.00%,"$5,000,000 ","$4,888,911 ",97.78%,1143,"$814,509 ",$0 
2010,615-DCA-10-12,Kenya Commercial Bank Limited,Kenya,9/28/2010,9/28/2017,9/28/2015,SME,,Energy,,Loan Portfolio Guarantee,Active,50.00%,"$5,750,000 ","$5,780,629 ",100.00%,847,"$268,628 ",$0 
2010,617-DCA-10-001,Bank of Africa Uganda Limited,Uganda,5/19/2010,5/19/2014,9/30/2013,SME,,Agri,,Loan Portfolio Guarantee,Expired,50.00%,"$6,000,000 ","$304,273 ",5.07%,15,"$14,687 ",$0 
2010,617-DCA-10-002,Centenary Rural Development Bank Ltd.,Uganda,6/16/2010,6/16/2014,12/16/2013,Micro,SME,Agri,,Micro-Finance Institute - Loan Portfolio Guarantee,Expired,50.00%,"$6,000,000 ","$5,980,484 ",99.67%,1509,"$26,835 ",$413 
2010,617-DCA-10-004,Opportunity Uganda Limited,Uganda,5/19/2010,5/19/2014,11/20/2013,Micro,SME,Agri,,Micro-Finance Institute - Loan Portfolio Guarantee,Expired,50.00%,"$3,000,000 ","$2,760,684 ",92.02%,3139,"$400,954 ",$0 
2010,620-DCA-10-004,Accion Microfinance Bank Limited,Nigeria,9/30/2010,9/30/2015,3/30/2015,Micro,,Health,,Loan Portfolio Guarantee,Active,50.00%,"$400,000 ","$547,950 ",100.00%,407,$0 ,$0 
2010,620-DCA-10-005,Diamond Bank Plc.,Nigeria,9/30/2010,9/30/2017,3/30/2017,Micro,,Health,,Loan Portfolio Guarantee,Active,50.00%,"$8,300,000 ","$2,380,839 ",28.68%,96,$0 ,$0 
2010,621-DCA-10-002,Pride Tanzania Ltd.,Tanzania,3/5/2010,3/5/2015,9/6/2014,Micro,,General,,Portable Guarantee,Expired,75.00%,$0 ,$0 ,0.00%,0,$0 ,$0 
2010,621-DCA-10-002 (Issuer: Pride Tanzania Ltd.),Exim Bank,Tanzania,9/30/2010,11/30/2015,11/30/2010,Micro,,General,,Bond Guarantee,Active,75.00%,"$10,000,000 ","$10,000,000 ",100.00%,1,$0 ,$0 
2010,641-DCA-10-005,Opportunity International Savings and Loan Limited (OISL),Ghana,12/29/2009,12/28/2016,12/28/2015,SME,,Agri,,Micro-Finance Institute - Loan Portfolio Guarantee,Active,50.00%,"$9,304,000 ","$9,304,000 ",100.00%,17917,"$120,410 ",$0 
2010,656-DCA-10-002,Banco Oportunidade de Mocambique,Mozambique,12/28/2009,12/28/2016,7/1/2016,Micro,,General,Agri,Loan Portfolio Guarantee,Active,50.00%,"$2,000,000 ","$1,374,402 ",68.72%,562,"$39,663 ",$376 
2010,656-DCA-10-003,Banco Terra,Mozambique,12/28/2009,12/28/2016,7/1/2016,SME,,Agri,,Loan Portfolio Guarantee,Active,50.00%,"$4,540,000 ","$4,411,586 ",97.17%,118,"$226,451 ",$346 
2010,669-DCA-10-002,International Bank Liberia Limited,Liberia,12/18/2009,12/18/2019,12/18/2016,SME,,Agri,Energy,Loan Portfolio Guarantee,Active,50.00%,"$6,868,000 ","$4,784,551 ",69.66%,25,$0 ,$0 
2010,685-DCA-10-002,ACEP (L'ALLIANCE DE CREDIT ET D'EPARGNE POUR LA PRODUCTION),Senegal,9/28/2010,9/28/2017,3/28/2017,Micro,SME,Agri,,Micro-Finance Institute - Loan Portfolio Guarantee,Active,50.00%,"$8,000,000 ","$7,999,999 ",100.00%,,"$181,350 ",$0 
2010,685-DCA-10-003,U-IMCEC (UNION DES INSTITUTIONS MUTUALISTES COMMUNAUTAIRES D'EPARGNE DE CREDIT),Senegal,9/29/2010,9/29/2017,3/29/2017,Micro,,Agri,,Loan Portfolio Guarantee,Active,50.00%,"$2,000,000 ","$1,671,493 ",83.57%,2078,$0 ,$0 
2010,696-DCA-10-005 (Terminated),Urwego Opportunity Bank,Rwanda,9/23/2010,9/23/2017,3/2/2015,SME,,Agri,,Loan Portfolio Guarantee,Active,50.00%,"$1,575,000 ","$72,319 ",4.59%,4,$0 ,$0 
2010,LPG 112-DCA-10-001 (UNALLOCATED RESERVE FUNDS),ACCESS BANK,Azerbaijan,9/30/2010,9/30/2015,9/30/2014,SME,,Agri,"Indu, Trade",Loan Portfolio Guarantee,Active,50.00%,$0 ,$0 ,0.00%,0,$0 ,$0 
2010,[Unallocated] 527-DCA-10-010 (F),Financiera Confianza (formerly Caja Nuestra Gente),Peru,9/24/2010,9/24/2017,3/31/2016,Micro,SME,Agri,,Loan Portfolio Guarantee,Active,50.00%,$0 ,$0 ,0.00%,0,$0 ,$0 
2011,099-DCA-11-009 (Uganda/East Africa Region),J.P. Morgan Chase Funding Inc.,East Africa,9/27/2011,7/12/2023,7/12/2021,SME,,Agri,,Loan Guarantee,Active,50.00%,"$8,000,000 ","$5,583,819 ",69.80%,1,$0 ,$0 
2011,111-DCA-11-008,Global Credit (formerly GFC General Financial and Credit Company),Armenia,9/28/2011,9/30/2017,3/31/2016,Micro,SME,General,,Portable Guarantee,Active,50.00%,"$3,000,000 ",$0 ,0.00%,0,$0 ,$0 
2011,111-DCA-11-008A,Oikocredit,Armenia,9/28/2011,9/30/2016,3/31/2016,Micro,SME,General,,Loan Guarantee,Active,50.00%,"$500,000 ","$500,735 ",100.00%,1,$0 ,$0 
2011,114-DCA-11-010A (Terminated),Kor Standard Bank,Georgia,7/13/2011,6/25/2014,9/30/2014,Micro,,General,,Loan Guarantee,Expired,50.00%,"$550,000 ","$550,000 ",100.00%,1,$0 ,$0 
2011,114-DCA-11-010 (Terminated),Alliance Group Leasing,Georgia,7/13/2011,10/1/2014,9/30/2014,Micro,,General,,Portable Guarantee,Active,50.00%,"$2,067,660 ",$0 ,0.00%,0,$0 ,$0 
2011,115-DCA-11-003,Asia Credit Fund,Kazakhstan,8/25/2011,8/25/2015,8/25/2014,Micro,,Energy,,Portable Guarantee,Active,50.00%,"$1,000,000 ",$0 ,0.00%,0,$0 ,$0 
2011,115-DCA-11-003A,Impact Finance (Luxembourg),Kazakhstan,8/25/2011,12/15/2013,9/30/2013,Micro,,Energy,,Loan Guarantee,Expired,50.00%,"$200,000 ","$200,000 ",100.00%,1,$0 ,$0 
2011,115-DCA-11-003B (Terminated),Impact Finance (Luxembourg),Kazakhstan,8/25/2011,6/2/2014,6/2/2014,Micro,,Energy,,Loan Guarantee,Expired,50.00%,"$300,000 ",$0 ,0.00%,0,$0 ,$0 
2011,115-DCA-11-003C,MicroCredit Enterprises (MCE),Kazakhstan,8/25/2011,8/25/2015,8/25/2014,Micro,,Energy,,Loan Guarantee,Expired,50.00%,"$500,000 ","$485,735 ",97.15%,1,$0 ,$0 
2011,117-DCA-11-008A,Comertbank,Moldova,9/26/2011,9/26/2020,3/31/2016,SME,Micro,General,,Loan Portfolio Guarantee,Active,40.00%,"$5,666,860 ","$2,423,736 ",42.77%,24,$0 ,$0 
2011,117-DCA-11-008B (Terminated),Rural Finance Corporation,Moldova,9/26/2011,9/26/2018,10/1/2014,SME,,General,,Loan Portfolio Guarantee,Active,40.00%,"$313,682 ","$313,682 ",100.00%,9,$0 ,$0 
2011,117-DCA-11-009,Prime Capital,Moldova,9/26/2011,9/26/2026,3/31/2016,General,SME,InfoComm,General,Loan Portfolio Guarantee,Active,50.00%,"$1,173,000 ","$843,670 ",71.92%,26,$0 ,$0 
2011,119-DCA-11-002A,CJSC - First MicroFinance Bank,Tajikistan,9/21/2011,9/21/2016,3/21/2016,Micro,,Agri,,Loan Portfolio Guarantee,Active,50.00%,"$1,500,000 ","$1,497,078 ",99.81%,870,$0 ,$0 
2011,119-DCA-11-002B,"MDO Imon International, CSC",Tajikistan,9/21/2011,9/21/2016,3/21/2016,General,,Agri,,Loan Portfolio Guarantee,Active,50.00%,"$1,500,000 ","$1,251,419 ",83.43%,383,$0 ,$0 
2011,119-DCA-11-002 [Unallocated],CJSC - First MicroFinance Bank,Tajikistan,9/21/2011,9/21/2016,3/21/2016,Micro,,Agri,,Loan Portfolio Guarantee,Active,50.00%,"$1,744,050 ",$0 ,0.00%,0,$0 ,$0 
2011,167-DCA-11-002,TEB Bank Sha,Kosovo,9/16/2011,9/16/2018,3/31/2016,SME,Micro,Agri,,Loan Portfolio Guarantee,Active,50.00%,"$2,500,000 ","$2,483,709 ",99.35%,563,"$17,972 ",$0 
2011,167-DCA-11-003A,Banka Ekonomike,Kosovo,9/16/2011,9/16/2018,3/31/2016,SME,Youth,General,,Loan Portfolio Guarantee,Active,50.00%,"$1,037,620 ","$24,032 ",2.32%,2,$0 ,$0 
2011,167-DCA-11-003B,Raiffeisen Bank Kosovo J.S.C.,Kosovo,9/16/2011,9/16/2018,3/31/2016,SME,Youth,General,,Loan Portfolio Guarantee,Active,50.00%,"$1,037,620 ","$519,728 ",50.09%,36,$0 ,$0 
2011,169-DCA-11-002,Novi Sad,Serbia,9/23/2011,3/1/2024,6/30/2013,MunFin,,Infra,Water,Portable Guarantee,Active,50.00%,"$8,113,737 ",$0 ,0.00%,0,$0 ,$0 
2011,263-DCA-11-006 (Terminated),HSBC Bank Egypt SAE,Egypt,9/28/2011,9/28/2020,7/7/2015,SME,,General,,Loan Portfolio Guarantee,Active,70.00%,"$34,000,000 ","$2,250,554 ",6.62%,3,$0 ,$0 
2011,294-DCA-11-002,BlueOrchard Micro-Credit Fund (BOMF-BlueOrchard Switzerland),West Bank/Gaza,9/20/2011,11/13/2020,11/13/2013,Micro,,General,,Loan Guarantee,Active,50.00%,"$2,092,748 ","$2,092,748 ",100.00%,1,$0 ,$0 
2011,294-DCA-11-002,Palestine For Credit And Development Company (FATEN),West Bank/Gaza,9/20/2011,9/20/2019,3/31/2016,Micro,,General,,Portable Guarantee,Active,50.00%,"$2,092,748 ",$0 ,0.00%,0,$0 ,$0 
2011,497-DCA-11-006,Bank Andara,Indonesia,9/30/2011,9/30/2016,3/30/2016,Micro,,General,Agri,Loan Portfolio Guarantee,Active,50.00%,"$2,957,809 ","$2,920,810 ",98.75%,13,$0 ,$0 
2011,497-DCA-11-007,UBS AG Singapore Branch,Indonesia,9/27/2011,9/27/2031,9/27/2015,SME,,Edu,,Loan Guarantee,Active,80.00%,"$3,125,000 ","$3,125,000 ",100.00%,1,$0 ,$0 
2011,519-DCA-11-003,Banco de America Central,El Salvador,9/26/2011,9/26/2021,3/31/2016,SME,Micro,General,,Loan Portfolio Guarantee,Active,50.00%,"$9,796,000 ","$9,784,663 ",99.88%,158,"$41,946 ",$0 
2011,520-DCA-11-006,Banrural,Guatemala,9/26/2011,9/26/2020,3/31/2016,General,SME,Env,Agri,Loan Portfolio Guarantee,Active,50.00%,"$12,221,784 ","$94,212 ",0.77%,5,$0 ,$0 
2011,522-DCA-11-008,ODEF Financiera S.A.,Honduras,9/12/2011,9/12/2018,3/31/2016,Micro,,Agri,,Loan Portfolio Guarantee,Active,50.00%,"$3,297,000 ","$413,776 ",12.55%,448,$0 ,$0 
2011,656-DCA-11-005 (Sida),Banco Terra,Mozambique,9/28/2011,9/28/2018,3/31/2016,SME,,Agri,,Loan Portfolio Guarantee,Active,50.00%,"$9,115,850 ","$8,358,544 ",91.69%,20,$0 ,$0 
2011,660-DCA-11-002,BANQUE INTERNATIONALE POUR L'AFRIQUE AU CONGO (BIAC),Democratic Republic of the Congo,4/7/2011,4/7/2015,4/7/2013,SME,,Agri,,Loan Portfolio Guarantee,Expired,50.00%,"$2,816,000 ","$300,000 ",10.65%,1,$0 ,$0 
2011,663-DCA-11-006(A) PEPFAR,Bank of Abyssinia,Ethiopia,9/30/2011,9/30/2021,9/30/2018,SME,,Health,,Loan Portfolio Guarantee,Active,50.00%,"$4,474,063 ","$949,772 ",21.23%,9,$0 ,$0 
2011,663-DCA-11-006(B) PEPFAR,Nib Bank International S.C.,Ethiopia,9/30/2011,9/30/2021,9/30/2018,SME,,Health,,Loan Portfolio Guarantee,Active,50.00%,"$4,474,063 ","$2,718,522 ",60.76%,49,$0 ,$0 
2011,663-DCA-11-006(C) PEPFAR UNALLOCATED,Bank of Abyssinia,Ethiopia,9/30/2011,9/30/2021,9/30/2018,SME,,Health,,Loan Portfolio Guarantee,Active,50.00%,"$4,474,063 ",$0 ,0.00%,0,$0 ,$0 
2011,663-DCA-11-007(A) (Terminated),Bank of Abyssinia,Ethiopia,9/22/2011,9/22/2017,9/22/2015,SME,,Agri,,Loan Portfolio Guarantee,Active,50.00%,"$3,655,928 ","$150,746 ",4.12%,1,$0 ,$0 
2011,663-DCA-11-007(B),Zemen Bank,Ethiopia,9/22/2011,9/22/2017,9/22/2015,SME,,Agri,,Loan Portfolio Guarantee,Active,50.00%,"$3,655,928 ","$2,260,081 ",61.82%,6,$0 ,$0 
2011,674-DCA-11-016,ABSA Bank Limited,South Africa,9/23/2011,9/23/2021,3/31/2016,SME,,General,,Loan Portfolio Guarantee,Active,50.00%,"$28,600,000 ","$5,013,311 ",17.53%,49,"$30,532 ",$0 
2011,685-DCA-11-004,Mutuelle d'Epargne et de Crdit de la Fdration des Groupements et Association des Femmes Productrices de Saint-Louis (MEC/FEPRODES),Senegal,9/9/2011,9/30/2015,9/30/2014,Micro,Women,Agri,,Portable Guarantee,Active,50.00%,"$600,000 ",$0 ,0.00%,0,$0 ,$0 
2011,685-DCA-11-004 (Loan to MEC/FEPRODES),Ecobank/Senegal,Senegal,9/9/2011,6/18/2017,6/18/2015,Micro,,General,,Loan Guarantee,Active,50.00%,"$400,000 ","$400,000 ",100.00%,1,"$54,457 ",$0 
2011,685-DCA-11-005,Partenariat Pour La Mobilisation De l'Epargne et le Credit au Senegal PAMECAS,Senegal,9/16/2011,9/16/2016,9/16/2015,Micro,,Agri,,Loan Portfolio Guarantee,Active,50.00%,"$2,000,000 ","$479,635 ",23.98%,284,$0 ,$0 
2011,685-DCA-11-006,Ecobank/Senegal,Senegal,9/16/2011,9/16/2016,9/16/2014,Micro,SME,Agri,,Loan Portfolio Guarantee,Active,50.00%,"$5,820,000 ","$2,979,891 ",51.20%,9,$0 ,$0 
2011,696-DCA-11-007,Banque Populaire du Rwanda,Rwanda,9/26/2011,9/26/2016,9/26/2015,SME,,Agri,,Loan Portfolio Guarantee,Active,50.00%,"$2,650,000 ","$258,235 ",9.74%,113,$0 ,$0 
2012,099-DCA-12-010,Acumen Fund (Global),Worldwide,9/26/2012,9/26/2022,9/25/2016,SME,,General,,Portable Guarantee,Active,50.00%,"$15,000,000 ",$0 ,0.00%,0,$0 ,$0 
2012,099-DCA-12-010A (Acumen Fund Global Guarantee),Global Commercial Microfinance Consortium II (Deutsche Bank-GCMC II),Worldwide,9/26/2012,6/17/2016,6/18/2013,SME,,General,,Loan Guarantee,Active,50.00%,"$3,000,000 ","$3,000,000 ",100.00%,1,$0 ,$0 
2012,099-DCA-12-010B (Acumen Fund Global Guarantee),Essential Capital Consortium (Deutsche Bank-ECC),Worldwide,9/26/2012,1/16/2020,1/16/2020,SME,,General,,Loan Guarantee,Active,50.00%,"$2,000,000 ","$1,000,000 ",50.00%,1,$0 ,$0 
2012,111-DCA-12-009A (Terminated),Unibank,Armenia,9/27/2012,9/27/2019,3/31/2016,SME,,General,,Loan Portfolio Guarantee,Active,50.00%,"$2,500,000 ","$466,800 ",18.67%,3,$0 ,$0 
2012,111-DCA-12-009B,Armbusiness Bank,Armenia,9/27/2012,9/27/2019,3/31/2016,SME,,General,,Loan Portfolio Guarantee,Active,50.00%,"$2,500,000 ","$44,692 ",1.79%,5,$0 ,$0 
2012,112-DCA-12-002,Bank Respublika,Azerbaijan,9/25/2012,9/25/2020,9/30/2016,SME,Micro,Agri,,Loan Portfolio Guarantee,Active,50.00%,"$3,205,128 ","$3,138,419 ",97.92%,548,$0 ,$0 
2012,112-DCA-12-003,TuranBank,Azerbaijan,9/25/2012,9/25/2020,9/30/2016,SME,Micro,Agri,,Loan Portfolio Guarantee,Active,50.00%,"$3,205,128 ","$999,000 ",31.17%,86,$0 ,$0 
2012,167-DCA-12-004A,Banka Ekonomike,Kosovo,9/26/2012,9/26/2022,9/26/2017,SME,Micro,Agri,,Loan Portfolio Guarantee,Active,50.00%,"$1,000,000 ","$268,052 ",26.81%,6,$0 ,$0 
2012,167-DCA-12-004B,BKT Banka Kombetare Tregetare,Kosovo,9/26/2012,9/26/2022,9/26/2017,SME,Micro,Agri,,Loan Portfolio Guarantee,Active,50.00%,"$1,000,000 ","$1,000,008 ",100.00%,40,$0 ,$0 
2012,167-DCA-12-004C,NLB Pristina,Kosovo,9/26/2012,9/26/2022,9/26/2017,SME,Micro,Agri,,Loan Portfolio Guarantee,Active,50.00%,"$1,000,000 ","$1,000,566 ",100.00%,28,$0 ,$0 
2012,167-DCA-12-004D,ProCredit Bank Kosovo,Kosovo,9/26/2012,9/26/2022,9/26/2017,SME,Micro,Agri,,Loan Portfolio Guarantee,Active,50.00%,"$10,000,000 ","$9,312,588 ",93.13%,225,$0 ,$0 
2012,167-DCA-12-004E,Raiffeisen Bank Kosovo J.S.C.,Kosovo,9/26/2012,9/26/2022,9/26/2017,SME,Micro,Agri,,Loan Portfolio Guarantee,Active,50.00%,"$7,200,000 ","$4,270,856 ",59.32%,257,$0 ,$0 
2012,167-DCA-12-004F,TEB Bank Sha,Kosovo,9/26/2012,9/26/2022,9/26/2017,SME,Micro,Agri,,Loan Portfolio Guarantee,Active,50.00%,"$5,766,770 ","$5,434,988 ",94.25%,285,$0 ,$0 
2012,167-DCA-12-004G (Unallocated Reserved Amount),ProCredit Bank Kosovo,Kosovo,9/26/2012,9/26/2022,9/26/2017,SME,Micro,Agri,,Loan Portfolio Guarantee,Active,50.00%,$0 ,$0 ,0.00%,0,$0 ,$0 
2012,182-DCA-12-003A,BKT (National Commercial Bank),Albania,9/17/2012,9/17/2022,3/31/2017,SME,,Agri,"Serv, Tourism, Indu",Loan Portfolio Guarantee,Active,50.00%,"$7,500,000 ","$3,166,570 ",42.22%,287,$0 ,$0 
2012,182-DCA-12-003B,ProCredit Bank Albania,Albania,9/17/2012,9/17/2022,3/31/2017,SME,,Agri,"Serv, Tourism, Indu",Loan Portfolio Guarantee,Active,50.00%,"$7,500,000 ","$7,502,468 ",100.00%,314,"$93,661 ",$0 
2012,306-DCA-12-002,Afghanistan International Bank,Afghanistan,9/27/2012,9/27/2020,3/31/2018,SME,,General,,Loan Portfolio Guarantee,Active,50.00%,"$10,293,361 ","$2,680,000 ",26.04%,7,$0 ,$0 
2012,386-DCA-12-005,Global Commercial Microfinance Consortium II (Deutsche Bank-GCMC II),India,9/12/2012,9/30/2020,9/30/2019,General,,Energy,Env,Loan Guarantee,Active,50.00%,"$2,000,000 ","$1,000,000 ",50.00%,1,$0 ,$0 
2012,386-DCA-12-005,Orb Energy,India,9/12/2012,9/30/2020,9/30/2016,General,,Energy,Env,Portable Guarantee,Active,50.00%,"$2,445,540 ",$0 ,0.00%,0,$0 ,$0 
2012,442-DCA-12-001,"LOLC (Cambodia) (formerly Thaneakea Phum (Cambodia), TPC)",Cambodia,1/26/2012,1/26/2016,1/26/2015,SME,Micro,Agri,,Loan Portfolio Guarantee,Active,50.00%,"$2,710,000 ","$2,690,076 ",99.26%,1391,"$3,828 ",$300 
2012,492-DCA-12-004A,Bank of the Philippine Islands (BPI),Philippines,9/26/2012,9/26/2020,9/26/2017,SME,,General,,Loan Portfolio Guarantee,Active,50.00%,"$30,000,000 ","$28,816,580 ",96.06%,52,$0 ,$0 
2012,492-DCA-12-004B,BPI Family Savings Bank,Philippines,9/26/2012,9/26/2020,9/26/2017,SME,,General,,Loan Portfolio Guarantee,Active,50.00%,"$5,000,000 ","$4,929,149 ",98.58%,44,$0 ,$0 
2012,497-DCA-12-009,Bank Danamon,Indonesia,5/7/2012,5/7/2019,11/8/2018,Micro,,Agri,,Loan Portfolio Guarantee,Active,50.00%,"$35,000,000 ","$1,605,758 ",4.59%,554,$0 ,$0 
2012,521-DCA-12-010 (Terminated),Micro Credit National,Haiti,9/26/2012,8/12/2014,8/12/2014,Micro,,Agri,,Loan Portfolio Guarantee,Active,50.00%,"$5,000,000 ","$1,635,448 ",32.71%,2806,$0 ,$0 
2012,521-DCA-12-011,SOGESOL,Haiti,9/26/2012,9/26/2021,3/26/2021,Micro,Other,Housing,,Loan Portfolio Guarantee,Active,50.00%,"$7,500,000 ",$0 ,0.00%,0,$0 ,$0 
2012,521-DCA-12-012,Le Levier (La Federation des Caisses Populaires Haitiennes),Haiti,9/27/2012,9/27/2021,3/27/2021,Micro,Other,Housing,,Portable Guarantee,Active,50.00%,"$7,452,904 ",$0 ,0.00%,0,$0 ,$0 
2012,521-DCA-12-013,Sofihdes,Haiti,9/26/2012,9/26/2019,9/30/2016,SME,,Const,"Trade, Agri",Loan Portfolio Guarantee,Active,50.00%,"$9,531,014 ","$4,988,046 ",52.33%,57,"$60,378 ",$0 
2012,611-DCA-12-010 (Sida),Zambia National Commercial Bank PLC (ZANACO),Zambia,9/25/2012,9/25/2018,9/25/2017,SME,,Agri,,Loan Portfolio Guarantee,Active,50.00%,"$9,087,600 ","$8,925,303 ",98.21%,101,$0 ,$0 
2012,615-DCA-12-014,Acumen Fund,Kenya,3/22/2012,9/22/2017,3/22/2014,SME,,Energy,,Loan Guarantee,Active,50.00%,"$1,000,000 ","$1,000,000 ",100.00%,1,$0 ,$0 
2012,615-DCA-12-015 (Sida co-guarantee),Kenya Commercial Bank Limited,Kenya,9/27/2012,9/27/2018,9/27/2017,Micro,SME,Agri,,Loan Portfolio Guarantee,Active,50.00%,"$15,000,000 ","$4,306,798 ",28.71%,184,$0 ,$0 
2012,615-DCA-12-016A (Sida co-guarantee),Kenya Women Finance Trust (KWFT),Kenya,9/27/2012,9/27/2019,9/27/2018,Micro,,Agri,Energy,Micro-Finance Institute - Loan Portfolio Guarantee,Active,50.00%,"$5,000,000 ","$4,999,883 ",100.00%,21566,$0 ,$0 
2012,615-DCA-12-016B (Sida co-guarantee),SMEP Deposit Taking Microfinance Limited,Kenya,9/27/2012,9/27/2019,9/27/2018,Micro,,Agri,Energy,Micro-Finance Institute - Loan Portfolio Guarantee,Active,50.00%,"$4,000,000 ","$3,125,529 ",78.14%,7044,$0 ,$0 
2012,615-DCA-12-016C (Sida co guarantee),Letshego Kenya Limited (Micro Africa Limited Kenya),Kenya,9/27/2012,9/27/2019,9/27/2018,Micro,,Energy,Agri,Micro-Finance Institute - Loan Portfolio Guarantee,Active,50.00%,"$2,000,000 ","$79,540 ",3.98%,193,$0 ,$0 
2012,615-DCA-12-016D UNALLOCATED RESERVE,Kenya Women Finance Trust (KWFT),Kenya,9/27/2012,9/27/2019,3/31/2019,Micro,,Energy,Agri,Loan Portfolio Guarantee,Active,50.00%,"$2,000,000 ",$0 ,0.00%,0,$0 ,$0 
2012,615-DCA-12-017 (Water),Kenya Commercial Bank Limited,Kenya,9/27/2012,9/27/2022,9/27/2019,General,,Water,,Loan Portfolio Guarantee,Active,60.00%,"$5,500,000 ","$62,800 ",1.14%,10,$0 ,$0 
2012,617-DCA-12-017 (Sida Health Co-guarantee),Centenary Rural Development Bank Ltd.,Uganda,9/27/2012,9/27/2019,9/27/2018,SME,Micro,Health,,Loan Portfolio Guarantee,Active,60.00%,"$3,000,000 ","$1,560,257 ",52.01%,82,$0 ,$0 
2012,617-DCA-12-018,Centenary Rural Development Bank Ltd.,Uganda,9/28/2012,9/28/2020,9/28/2016,SME,,Energy,,Loan Guarantee,Active,50.00%,"$1,400,000 ","$1,400,000 ",100.00%,1,$0 ,$0 
2012,620-DCA-12-007,Ecobank Nigeria,Nigeria,9/27/2012,9/27/2022,9/27/2021,SME,,Energy,Agri,Loan Portfolio Guarantee,Active,80.00%,"$5,000,000 ","$932,261 ",18.65%,5,$0 ,$0 
2012,624-DCA-12-003,Ecobank Niger,West Africa,5/22/2012,5/22/2017,5/22/2016,SME,Micro,Agri,,Loan Portfolio Guarantee,Active,50.00%,"$4,000,000 ","$3,017,535 ",75.44%,14,$0 ,$0 
2012,624-DCA-12-004,Ecobank Burkina Faso,West Africa,9/28/2012,9/28/2017,9/28/2016,SME,Micro,Agri,,Loan Portfolio Guarantee,Active,50.00%,"$3,360,000 ","$1,755,895 ",52.26%,48,"$112,378 ",$0 
2012,641-DCA-12-006,Ecobank Ghana,Ghana,9/26/2012,9/26/2019,9/26/2018,SME,,Agri,,Loan Portfolio Guarantee,Active,50.00%,"$7,000,000 ","$3,088,716 ",44.12%,26,$0 ,$0 
2012,641-DCA-12-007,Sinapi Aba Trust,Ghana,9/26/2012,9/26/2017,9/26/2016,Micro,SME,Agri,,Loan Portfolio Guarantee,Active,50.00%,"$3,775,000 ","$777,252 ",20.59%,298,$0 ,$0 
2012,654-DCA-12-003,Kixicredito,Angola,8/27/2012,8/27/2019,8/27/2016,Micro,,General,,Portable Guarantee,Active,75.00%,"$2,000,000 ",$0 ,0.00%,0,$0 ,$0 
2012,668-DCA-12-001(A) AGRA Co-guarantee,Equity Bank South Sudan Limited,South Sudan,8/31/2012,8/31/2018,3/4/2018,SME,Micro,Agri,,Loan Portfolio Guarantee,Active,55.00%,"$2,000,000 ",$0 ,0.00%,0,$0 ,$0 
2012,668-DCA-12-001(B) AGRA co-guarantee,KCB Sudan Ltd,South Sudan,8/31/2012,8/31/2018,3/4/2018,SME,Micro,Agri,,Loan Portfolio Guarantee,Active,55.00%,"$2,000,000 ",$0 ,0.00%,0,$0 ,$0 
2012,668-DCA-12-001(C) AGRA co-guarantee,Finance (SS) Limited,South Sudan,8/31/2012,8/31/2018,3/4/2018,SME,Micro,Agri,,Loan Portfolio Guarantee,Active,55.00%,"$250,000 ","$130,437 ",52.17%,94,$0 ,$0 
2012,668-DCA-12-001D UNALLOCATED RESERVE,Equity Bank South Sudan Limited,South Sudan,8/31/2012,8/31/2018,3/4/2018,SME,,Agri,,Loan Portfolio Guarantee,Active,55.00%,"$2,750,000 ",$0 ,0.00%,0,$0 ,$0 
2012,674-DCA-12-017,Cadiz Life Limited,South Africa,8/30/2012,8/30/2020,3/3/2020,SME,,General,,Loan Portfolio Guarantee,Active,50.00%,"$150,000,000 ","$2,554,367 ",1.70%,19,$0 ,$0 
2012,675-DCA-12-001,Ecobank Guinea,Guinea,6/12/2012,6/12/2017,6/12/2016,Micro,SME,Agri,,Loan Portfolio Guarantee,Active,50.00%,"$5,000,000 ","$1,755,678 ",35.11%,10,$0 ,$0 
2012,680-DCA-12-001,Ecobank Benin,Benin,8/16/2012,8/16/2017,8/16/2016,SME,Micro,Health,"Edu, Agri",Loan Portfolio Guarantee,Active,50.00%,"$4,000,000 ","$3,237,986 ",80.95%,26,$0 ,$0 
2012,698-DCA-12-001,Root Capital Inc. - Africa,Africa Region Funded Activities,9/28/2012,9/28/2019,9/28/2018,Micro,SME,Agri,,Loan Portfolio Guarantee,Active,50.00%,"$25,000,000 ","$12,397,977 ",49.59%,58,"$53,172 ",$0 
2013,099-DCA-13-011,Pledge Guarantee for Health (PGH),Worldwide,5/16/2013,5/16/2019,5/15/2017,General,,Health,,Portable Guarantee,Active,50.00%,"$100,000,000 ",$0 ,0.00%,0,$0 ,$0 
2013,099-DCA-13-011A,Calvert Social Investment Foundation,Worldwide,5/16/2013,5/16/2019,11/16/2018,General,,Health,,Loan Guarantee,Active,50.00%,$0 ,$0 ,0.00%,0,$0 ,$0 
2013,117-DCA-13-010,Prime Capital,Moldova,9/30/2013,9/30/2028,9/30/2027,SME,,Energy,,Loan Portfolio Guarantee,Active,50.00%,"$3,527,337 ","$304,666 ",8.64%,32,$0 ,$0 
2013,121-DCA-13-004,Bank Lviv,Ukraine,9/27/2013,9/27/2020,9/27/2018,SME,,Energy,,Loan Portfolio Guarantee,Active,50.00%,"$9,978,000 ","$1,209,514 ",12.12%,8,$0 ,$0 
2013,386-DCA-13-006,Northern Lights Development Opportunities/NLCP,India,6/20/2013,12/31/2015,12/31/2015,General,,Energy,,Portable Guarantee,Expired,40.00%,"$100,000,000 ",$0 ,0.00%,0,$0 ,$0 
2013,388-DCA-13-003,BRAC Bank,Bangladesh,8/7/2013,8/7/2020,8/8/2019,SME,,Agri,,Loan Portfolio Guarantee,Active,50.00%,"$4,900,000 ","$1,600,000 ",32.65%,239,$0 ,$0 
2013,492-DCA-13-005A,Philippine Savings Bank (PSB),Philippines,9/26/2013,9/26/2023,9/26/2020,SME,,General,,Loan Portfolio Guarantee,Active,50.00%,"$7,000,000 ",$0 ,0.00%,0,$0 ,$0 
2013,492-DCA-13-005B,Security Bank Corporation,Philippines,9/26/2013,9/26/2023,9/26/2020,SME,,General,,Loan Portfolio Guarantee,Active,50.00%,"$7,000,000 ","$4,219,918 ",60.28%,12,$0 ,$0 
2013,492-DCA-13-005C,BPI Century Tokyo (formerly BPI Leasing),Philippines,9/26/2013,9/26/2023,9/26/2020,SME,,General,,Loan Portfolio Guarantee,Active,50.00%,"$7,000,000 ","$2,498,355 ",35.69%,7,$0 ,$0 
2013,492-DCA-13-005D,Philippine Business Bank (PBB),Philippines,9/26/2013,9/26/2023,9/26/2020,SME,,General,,Loan Portfolio Guarantee,Active,50.00%,"$7,000,000 ","$64,671 ",0.92%,1,$0 ,$0 
2013,492-DCA-13-005E [Unallocated],Security Bank Corporation,Philippines,9/26/2013,9/26/2023,9/26/2020,SME,,General,,Loan Portfolio Guarantee,Active,50.00%,"$32,000,000 ",$0 ,0.00%,0,$0 ,$0 
2013,497-DCA-13-010,Bank Andara,Indonesia,9/27/2013,9/27/2020,3/27/2020,Micro,,Agri,,Loan Portfolio Guarantee,Active,50.00%,"$18,175,488 ","$493,138 ",2.71%,2,$0 ,$0 
2013,519-DCA-13-004,Banco Davivienda Salvadoreno (formerly HSBC),El Salvador,9/27/2013,9/27/2021,9/27/2018,SME,,General,,Loan Portfolio Guarantee,Active,50.00%,"$25,000,000 ","$6,473,154 ",25.89%,202,"$16,289 ",$0 
2013,523-DCA-13-003,Velifin,Mexico,9/25/2013,9/25/2020,9/25/2017,SME,,Other,,Loan Portfolio Guarantee,Active,50.00%,"$60,000,000 ","$12,880,697 ",21.47%,5,$0 ,$0 
2013,524-DCA-13-007,BanPro (Banco de La Produccion),Nicaragua,9/23/2013,9/23/2020,9/23/2019,SME,,General,,Loan Portfolio Guarantee,Active,50.00%,"$13,505,859 ","$9,890,425 ",73.23%,298,$0 ,$0 
2013,612-DCA-13-002,First Merchant Bank (FMB) Malawi,Malawi,9/30/2013,9/30/2019,9/30/2018,SME,,Agri,,Loan Portfolio Guarantee,Active,60.00%,"$4,250,000 ","$850,000 ",20.00%,1,$0 ,$0 
2013,615-DCA-13-018,Kenya Commercial Bank Limited,Kenya,9/30/2013,9/30/2023,4/3/2023,SME,,Health,,Loan Portfolio Guarantee,Active,50.00%,"$10,000,000 ",$0 ,0.00%,0,$0 ,$0 
2013,615-DCA-13-019 (Jamii Bora Re-Guarantee),African Guarantee Fund,Kenya,9/27/2013,9/27/2019,9/27/2014,SME,,General,,Loan Guarantee,Active,50.00%,"$12,000,000 ","$11,567,380 ",96.39%,1,$0 ,$0 
2013,615-DCA-13-021,Rafiki DTM Kenya,Kenya,9/27/2013,9/27/2018,3/31/2018,Micro,,Agri,,Loan Portfolio Guarantee,Active,50.00%,"$2,500,000 ",$0 ,0.00%,0,$0 ,$0 
2013,615-DCA-13-025,HFC Limited,Kenya,9/30/2013,9/30/2025,9/30/2021,SME,,Water,,Loan Portfolio Guarantee,Active,50.00%,"$6,000,000 ","$781,605 ",13.03%,1,$0 ,$0 
2013,617-DCA-13-019 (Sida Co-Guarantee),Ecobank Uganda - Limited,Uganda,9/30/2013,9/30/2020,4/3/2020,SME,,Health,,Loan Portfolio Guarantee,Active,50.00%,"$7,000,000 ","$517,688 ",7.40%,3,$0 ,$0 
2013,621-DCA-13-004,East Africa (EA) Power Limited,Tanzania,9/27/2013,9/27/2027,9/27/2015,SME,,Energy,,Portable Guarantee,Active,60.00%,"$12,000,000 ",$0 ,0.00%,0,$0 ,$0 
2013,625-DCA-13-001,Asusu S.A. Systeme Financier Decentralise,Niger,9/26/2013,9/26/2018,9/26/2017,Micro,,Agri,,Loan Portfolio Guarantee,Active,50.00%,"$1,500,000 ","$486,227 ",32.42%,10,$0 ,$0 
2013,641-DCA-13-008,UT Bank Limited,Ghana,9/27/2013,9/27/2020,9/27/2019,SME,Micro,Agri,,Loan Portfolio Guarantee,Active,50.00%,"$5,000,000 ",$0 ,0.00%,0,$0 ,$0 
2013,654-DCA-13-004,Banco Keve,Angola,8/19/2013,8/19/2019,8/19/2018,SME,,Agri,"Edu, Health",Loan Portfolio Guarantee,Active,60.00%,"$4,848,300 ","$953,355 ",19.66%,8,$0 ,$0 
2013,663-DCA-13-008(A),Co-Operative Bank of Oromia,Ethiopia,9/30/2013,9/30/2018,4/3/2018,SME,Micro,Agri,,Loan Portfolio Guarantee,Active,50.00%,"$3,000,000 ","$1,327,196 ",44.24%,11,$0 ,$0 
2013,663-DCA-13-008(B),Oromia International Bank,Ethiopia,9/30/2013,9/30/2018,4/3/2018,SME,,Agri,,Loan Portfolio Guarantee,Active,50.00%,"$3,000,000 ","$590,943 ",19.70%,7,$0 ,$0 
2013,663-DCA-13-008(C) Unallocated Reserve,Co-Operative Bank of Oromia,Ethiopia,9/30/2013,9/30/2018,4/3/2018,SME,Micro,Agri,,Loan Portfolio Guarantee,Active,50.00%,"$4,000,000 ",$0 ,0.00%,0,$0 ,$0 
2013,663-DCA-13-009,Dashen Bank,Ethiopia,9/30/2013,9/30/2018,4/3/2018,SME,,Const,Agri,Loan Portfolio Guarantee,Active,50.00%,"$10,000,000 ","$48,430 ",0.48%,3,$0 ,$0 
2013,663-DCA-13-010,Zemen Bank,Ethiopia,9/30/2013,9/30/2018,4/3/2018,SME,,Agri,,Loan Portfolio Guarantee,Active,50.00%,"$2,500,000 ",$0 ,0.00%,0,$0 ,$0 
2013,685-DCA-13-007,LOCAFRIQUE (COMPAGNIE OUEST AFRICAINE DE CREDIT BAIL),Senegal,9/30/2013,9/30/2023,9/30/2022,Micro,,Agri,,Loan Portfolio Guarantee,Active,50.00%,"$5,600,000 ","$2,712,172 ",48.43%,35,$0 ,$0 
2014,099-DCA-14-012,Althelia Climate Fund,Worldwide,3/3/2014,6/11/2023,6/11/2022,ProjFin,,Env,Energy,Loan Portfolio Guarantee,Active,50.00%,"$93,408,655 ","$7,853,532 ",8.41%,4,$0 ,$0 
2014,099-DCA-14-013,Homestrings,Worldwide,9/30/2014,9/30/2026,9/30/2018,Diasp,SME,General,,Loan Portfolio Guarantee,Active,50.00%,"$20,000,000 ",$0 ,0.00%,0,$0 ,$0 
2014,099-DCA-14-014A,Calvert Social Investment Foundation,Worldwide,9/30/2014,9/30/2022,9/30/2021,Other,,Energy,,Loan Portfolio Guarantee,Active,35.00%,"$25,000,000 ","$1,522,150 ",6.09%,2,$0 ,$0 
2014,099-DCA-14-014B,SocialAlpha Investment Fund (SAIF),Worldwide,9/30/2014,9/30/2022,9/30/2021,SME,,Energy,,Loan Portfolio Guarantee,Active,50.00%,"$20,000,000 ","$1,150,000 ",5.75%,3,$0 ,$0 
2014,099-DCA-14-014C,Signina Capital,Worldwide,9/30/2014,9/30/2022,9/30/2021,SME,,Energy,,Loan Portfolio Guarantee,Active,25.00%,"$30,000,000 ",$0 ,0.00%,0,$0 ,$0 
2014,099-DCA-14-014D [UNALLOCATED],Signina Capital,Worldwide,9/30/2014,9/30/2022,9/30/2021,SME,,Energy,,Loan Portfolio Guarantee,Active,0.25%,"$25,000,000 ",$0 ,0.00%,0,$0 ,$0 
2014,121-DCA-14-005A,Credit Union Hromada,Ukraine,9/30/2014,9/30/2022,9/30/2020,Micro,SME,Agri,,Loan Portfolio Guarantee,Active,50.00%,"$1,000,000 ","$40,029 ",4.00%,16,$0 ,$0 
2014,121-DCA-14-005B,Credit Union Vygoda,Ukraine,9/30/2014,9/30/2022,9/30/2020,Micro,SME,Agri,,Loan Portfolio Guarantee,Active,50.00%,"$300,000 ","$7,095 ",2.37%,1,$0 ,$0 
2014,121-DCA-14-005C,Credit Union Anisia,Ukraine,9/30/2014,9/30/2022,9/30/2020,Micro,SME,Agri,,Loan Portfolio Guarantee,Active,50.00%,"$300,000 ","$18,089 ",6.03%,5,$0 ,$0 
2014,121-DCA-14-005D,Credit Union HKVD,Ukraine,9/30/2014,9/30/2022,9/30/2020,Micro,SME,Agri,,Loan Portfolio Guarantee,Active,50.00%,"$300,000 ","$9,131 ",3.04%,4,$0 ,$0 
2014,121-DCA-14-005E,Credit Union Narodna Dovira,Ukraine,9/30/2014,9/30/2022,9/30/2020,Micro,SME,Agri,,Loan Portfolio Guarantee,Active,50.00%,"$100,000 ","$12,756 ",12.76%,5,$0 ,$0 
2014,121-DCA-14-005F (Unallocated Reserved Amount),Credit Union Hromada,Ukraine,9/30/2014,9/30/2022,9/30/2020,Micro,SME,Agri,,Loan Portfolio Guarantee,Active,50.00%,"$4,048,545 ",$0 ,0.00%,0,$0 ,$0 
2014,306-DCA-14-003A,FINCA Afghanistan,Afghanistan,9/25/2014,9/25/2020,9/30/2018,Micro,,General,,Portable Guarantee,Active,60.00%,"$3,000,000 ",$0 ,0.00%,0,$0 ,$0 
2014,306-DCA-14-003B,Oxus Afghanistan,Afghanistan,9/25/2014,9/25/2020,9/30/2018,Micro,,General,,Portable Guarantee,Active,60.00%,"$1,000,000 ",$0 ,0.00%,0,$0 ,$0 
2014,306-DCA-14-003C,FMFB Afghanistan,Afghanistan,9/25/2014,9/25/2020,9/30/2018,Micro,,General,,Portable Guarantee,Active,40.00%,"$3,000,000 ",$0 ,0.00%,0,$0 ,$0 
2014,306-DCA-14-003D [Unallocated],FMFB Afghanistan,Afghanistan,9/25/2014,9/25/2020,9/30/2018,Micro,,General,,Portable Guarantee,Active,50.00%,"$6,750,000 ",$0 ,0.00%,0,$0 ,$0 
2014,386-DCA-14-007,Rabo India Finance Ltd (RIF),India,9/30/2014,9/30/2018,3/31/2016,SME,,Agri,,Loan Guarantee,Active,50.00%,"$6,666,667 ","$3,212,851 ",48.19%,1,$0 ,$0 
2014,386-DCA-14-008,Rabobank International Mumbai (RIM),India,9/30/2014,9/30/2019,3/31/2019,SME,,Agri,,Loan Guarantee,Active,50.00%,"$13,333,333 ","$3,212,851 ",24.10%,1,$0 ,$0 
2014,391-DCA14-001A,Bank Alfalah,Pakistan,9/30/2014,9/30/2022,9/30/2021,SME,,General,Edu,Loan Portfolio Guarantee,Active,50.00%,"$2,000,000 ","$402,106 ",20.11%,1,$0 ,$0 
2014,391-DCA-14-001B,JS Bank,Pakistan,9/30/2014,9/30/2022,9/30/2021,SME,,General,Edu,Loan Portfolio Guarantee,Active,50.00%,"$5,000,000 ","$699,612 ",13.99%,3,$0 ,$0 
2014,391-DCA-14-001C,Khushhali Bank,Pakistan,9/30/2014,9/30/2022,9/30/2021,SME,Micro,General,,Micro-Finance Institute - Loan Portfolio Guarantee,Active,50.00%,"$2,500,000 ","$370,825 ",14.83%,172,$0 ,$0 
2014,391-DCA-14-001C,Khushhali Bank,Pakistan,9/30/2014,9/30/2022,9/30/2021,SME,,General,Edu,Loan Portfolio Guarantee,Active,50.00%,"$2,500,000 ","$370,825 ",14.83%,172,$0 ,$0 
2014,391-DCA-14-001D,FMFB Pakistan,Pakistan,9/30/2014,9/30/2022,9/30/2021,SME,Micro,General,,Micro-Finance Institute - Loan Portfolio Guarantee,Active,50.00%,"$2,500,000 ","$2,225,851 ",89.03%,1675,$0 ,$0 
2014,391-DCA-14-001E [Unallocated],Bank Alfalah,Pakistan,9/30/2014,9/30/2022,9/30/2021,SME,,General,Edu,Loan Portfolio Guarantee,Active,50.00%,"$48,000,000 ",$0 ,0.00%,0,$0 ,$0 
2014,527-DCA-14-011A,Mibanco (formerly Financiera Edyficar),Peru,9/30/2014,9/30/2021,9/30/2020,Micro,SME,Agri,,Loan Portfolio Guarantee,Active,50.00%,"$2,000,000 ","$563,584 ",28.18%,135,$0 ,$0 
2014,527-DCA-14-011B,Financiera Confianza (formerly Caja Nuestra Gente),Peru,9/30/2014,9/30/2021,9/30/2020,SME,Micro,Agri,,Loan Portfolio Guarantee,Active,50.00%,"$2,000,000 ","$1,178,983 ",58.95%,493,$0 ,$0 
2014,527-DCA-14-011C,CMAC de Maynas,Peru,9/30/2014,9/30/2021,9/30/2020,Micro,SME,Agri,,Loan Portfolio Guarantee,Active,50.00%,"$6,000,000 ","$22,403 ",0.37%,20,$0 ,$0 
2014,527-DCA-14-011D,Senor de Luren Rural Savings and Loan,Peru,9/30/2014,9/30/2021,9/30/2020,SME,Micro,Agri,,Loan Portfolio Guarantee,Active,50.00%,"$6,000,000 ",$0 ,0.00%,0,$0 ,$0 
2014,527-DCA-14-011E (Unallocated Reserved Amount),CMAC de Maynas,Peru,9/30/2014,9/30/2021,9/30/2020,Micro,SME,Agri,,Loan Portfolio Guarantee,Active,50.00%,"$37,731,342 ",$0 ,0.00%,0,$0 ,$0 
2014,527-DCA-14-012,ResponsAbility Investments AG,Peru,9/30/2014,9/30/2023,9/30/2016,Micro,,Agri,,Loan Guarantee,Active,50.00%,"$8,000,000 ",$0 ,0.00%,0,$0 ,$0 
2014,598-DCA-14-002,Root Capital Inc.-Latin America,Latin America,6/18/2014,6/18/2026,3/31/2019,SME,,Agri,,Loan Portfolio Guarantee,Active,70.00%,"$15,000,000 ","$2,570,000 ",17.13%,4,$0 ,$0 
2014,608-DCA-14-001A,BMCI Banque (BNP Group),Morocco,9/30/2014,8/5/2025,9/30/2015,Other,,Trade,,Loan Guarantee,Active,50.00%,"$2,500,000 ","$446,424 ",17.86%,1,$0 ,$0 
2014,608-DCA-14-011,FrioPuerto Tanger SA,Morocco,9/30/2014,9/30/2028,9/30/2020,Other,,Trade,,Portable Guarantee,Active,50.00%,"$7,000,000 ",$0 ,0.00%,0,$0 ,$0 
2014,615-DCA-14-026,Chase Bank Kenya Limited,Kenya,9/29/2014,9/29/2021,9/30/2020,SME,,Agri,,Loan Portfolio Guarantee,Active,50.00%,"$10,000,000 ",$0 ,0.00%,0,$0 ,$0 
2014,615-DCA-14-027,Chase Bank Kenya Limited,Kenya,9/29/2014,9/29/2020,4/2/2020,Micro,,Energy,,Loan Guarantee,Active,50.00%,"$6,500,000 ",$0 ,0.00%,0,$0 ,$0 
2014,615-DCA-14-027,Stima SACCO,Kenya,9/17/2014,9/30/2020,9/30/2019,Micro,,Energy,,Portable Guarantee,Active,50.00%,"$7,975,000 ",$0 ,0.00%,0,$0 ,$0 
2014,617-DCA-14-020,Opportunity Uganda Limited,Uganda,9/3/2014,9/3/2019,9/3/2018,General,,Edu,Health,Loan Portfolio Guarantee,Active,50.00%,"$3,400,000 ",$0 ,0.00%,0,$0 ,$0 
2014,617-DCA-14-021 (A),DFCU Bank Limited,Uganda,9/30/2014,9/30/2021,4/3/2021,SME,Micro,Agri,,Loan Portfolio Guarantee,Active,50.00%,"$4,000,000 ","$168,207 ",4.21%,5,$0 ,$0 
2014,617-DCA-14-021 (B),UGAFODE Microfinance Limited,Uganda,9/30/2014,9/30/2021,4/3/2021,SME,Micro,Agri,,Loan Portfolio Guarantee,Active,50.00%,"$1,500,000 ","$72,540 ",4.84%,76,$0 ,$0 
2014,617-DCA-14-021 (C),Finance Trust Bank,Uganda,9/30/2014,9/30/2021,4/3/2021,SME,Micro,Agri,,Loan Portfolio Guarantee,Active,50.00%,"$1,500,000 ","$535,480 ",35.70%,166,$0 ,$0 
2014,617-DCA-14-021 (D) (UNALLOCATED),DFCU Bank Limited,Uganda,9/30/2014,9/30/2021,4/3/2021,SME,Micro,Agri,,Loan Portfolio Guarantee,Active,50.00%,"$2,000,000 ",$0 ,0.00%,0,$0 ,$0 
2014,620-DCA-14-008,Ecobank Nigeria,Nigeria,9/30/2014,9/30/2021,4/3/2021,SME,,Agri,,Loan Portfolio Guarantee,Active,50.00%,"$6,000,000 ","$502,513 ",8.38%,1,$0 ,$0 
2014,620-DCA-14-009,AMP Solar Ventures Ltd.,Nigeria,9/30/2014,9/30/2022,9/30/2017,SME,,Env,"Infra, Energy",Portable Guarantee,Active,50.00%,"$50,200,000 ",$0 ,0.00%,0,$0 ,$0 
2014,620-DCA-14-010 (Guarantco Co-guarantee),Standard Chartered Bank (Group),Nigeria,9/30/2014,3/31/2020,9/30/2015,SME,,Energy,,Loan Guarantee,Active,50.00%,"$90,000,000 ",$0 ,0.00%,0,$0 ,$0 
2014,621-DCA-14-006,Mapembasi Hydro Power Company Limited,Tanzania,9/30/2014,9/30/2027,9/30/2018,ProjFin,,Energy,,Portable Guarantee,Active,60.00%,"$11,000,000 ",$0 ,0.00%,0,$0 ,$0 
2014,621-DCA-14-007,CRDB Bank PLC,Tanzania,9/30/2014,9/30/2019,9/30/2018,Women,General,Health,,Loan Portfolio Guarantee,Active,50.00%,"$2,800,000 ",$0 ,0.00%,0,$0 ,$0 
2014,621-DCA-14-009 (A),CRDB Bank PLC,Tanzania,9/30/2014,9/30/2020,4/3/2020,SME,"Youth, Women",Agri,,Micro-Finance Institute - Loan Portfolio Guarantee,Active,50.00%,"$5,000,000 ",$0 ,0.00%,0,$0 ,$0 
2014,621-DCA-14-009 (B),"Pride Tanzania, Ltd",Tanzania,9/30/2014,9/30/2020,4/3/2020,SME,"Youth, Women",Agri,,Micro-Finance Institute - Loan Portfolio Guarantee,Active,50.00%,"$5,000,000 ","$141,995 ",2.84%,44,$0 ,$0 
2014,621-DCA-14-009 (C) (UNALLOCATED),CRDB Bank PLC,Tanzania,9/30/2014,9/30/2020,4/3/2020,SME,"Women, Youth",Agri,,Loan Portfolio Guarantee,Active,50.00%,"$5,000,000 ",$0 ,0.00%,0,$0 ,$0 
2014,624-DCA-14-005,Orabank Benin,West Africa,9/30/2014,9/30/2021,4/3/2021,SME,Micro,Agri,,Loan Portfolio Guarantee,Active,50.00%,"$3,200,000 ",$0 ,0.00%,0,$0 ,$0 
2014,633-DCA-14-001,Barclay's Bank of Botswana,Botswana,7/31/2014,7/31/2021,7/31/2020,SME,General,General,Health,Loan Portfolio Guarantee,Active,50.00%,"$15,000,000 ","$317,304 ",2.12%,4,$0 ,$0 
2014,641-DCA-14-009,Fidelity Bank Ghana Limited,Ghana,9/29/2014,9/29/2021,9/29/2020,SME,,Health,,Loan Portfolio Guarantee,Active,50.00%,"$3,891,000 ",$0 ,0.00%,0,$0 ,$0 
2014,641-DCA-14-010,Ecobank Ghana,Ghana,9/26/2014,9/26/2018,3/31/2018,Micro,,Agri,,Loan Guarantee,Active,50.00%,"$4,000,000 ",$0 ,0.00%,0,$0 ,$0 
2014,656-DCA-14-006 (SIDA),SOCREMO Banco de Microfinancas,Mozambique,9/30/2014,9/30/2020,4/1/2020,Micro,"SME, Women",Agri,,Loan Portfolio Guarantee,Active,50.00%,"$10,000,000 ","$333,136 ",3.33%,125,$0 ,$0 
2014,656-DCA-14-007 (A),Moza Banco,Mozambique,9/30/2014,9/30/2024,9/30/2023,SME,"Micro, Women",Agri,,Loan Portfolio Guarantee,Active,50.00%,"$7,000,000 ",$0 ,0.00%,0,$0 ,$0 
2014,656-DCA-14-007 (B),Banco Unico,Mozambique,9/30/2014,9/30/2024,4/3/2024,SME,"Micro, Women",Agri,,Loan Portfolio Guarantee,Active,50.00%,"$7,000,000 ",$0 ,0.00%,0,$0 ,$0 
2014,656-DCA-14-007 (C) (UNALLOCATED),Moza Banco,Mozambique,9/30/2014,9/30/2024,4/3/2024,SME,"Micro, Women",Agri,,Loan Portfolio Guarantee,Active,50.00%,"$3,250,000 ",$0 ,0.00%,0,$0 ,$0 
2014,663-DCA-14-011,Zemen Bank,Ethiopia,9/25/2014,3/30/2021,9/30/2017,SME,,Agri,,Loan Guarantee,Active,50.00%,"$1,250,000 ","$1,220,581 ",97.65%,1,$0 ,$0 
2014,663-DCA-14-011,AGFlow Ventures,Ethiopia,9/25/2014,3/31/2021,3/31/2019,SME,,Agri,,Portable Guarantee,Active,50.00%,"$2,250,000 ",$0 ,0.00%,0,$0 ,$0 
2014,685-DCA-14-008 (Issuer: City of Dakar),CGF BOURSE,Senegal,9/26/2014,2/15/2022,2/15/2015,MunFin,,Infra,,Bond Guarantee,Active,50.00%,"$41,800,000 ",$0 ,0.00%,0,$0 ,$0 
2014,688-DCA-14-003(A),Bank of Africa,Mali,9/30/2014,9/30/2021,9/30/2020,Women,SME,Agri,,Loan Portfolio Guarantee,Active,50.00%,"$6,000,000 ",$0 ,0.00%,0,$0 ,$0 
2014,688-DCA-14-003(B),BICIM,Mali,9/30/2014,9/30/2021,9/30/2020,Women,SME,Agri,,Loan Portfolio Guarantee,Active,50.00%,"$3,000,000 ",$0 ,0.00%,0,$0 ,$0 
2014,688-DCA-14-003C (Unallocated Reserve),BICIM,Mali,9/30/2014,9/30/2021,9/30/2020,Women,,Agri,,Loan Portfolio Guarantee,Active,50.00%,"$4,750,000 ",$0 ,0.00%,0,$0 ,$0 
2015,099-DCA-15-015,Essential Capital Consortium (Deutsche Bank-ECC),Worldwide,9/28/2015,9/28/2022,9/28/2021,SME,,General,,Loan Portfolio Guarantee,Active,50.00%,"$25,000,000 ",$0 ,0.00%,0,$0 ,$0 
2015,111-DCA-15-010,Loan Portfolio Securitization Fund I,Armenia,9/29/2015,9/29/2019,3/31/2016,Micro,,Agri,,Bond Guarantee,Active,50.00%,"$5,000,000 ",$0 ,0.00%,0,$0 ,$0 
2015,114-DCA-15-012,Bank Republic,Georgia,9/29/2015,9/29/2022,9/20/2020,SME,Micro,Agri,,Loan Portfolio Guarantee,Active,50.00%,"$14,490,410 ",$0 ,0.00%,0,$0 ,$0 
2015,116-DCA-15-004A,Demir Kyrgyz International Bank,Kyrgyzstan,12/31/2014,12/31/2021,7/4/2021,SME,,Agri,"Trade, Tourism",Loan Portfolio Guarantee,Active,50.00%,"$1,500,000 ",$0 ,0.00%,0,$0 ,$0 
2015,116-DCA-15-004B,Bai Tushum,Kyrgyzstan,12/31/2014,12/31/2021,7/4/2021,SME,,Agri,"Tourism, Trade",Loan Portfolio Guarantee,Active,50.00%,"$1,500,000 ","$63,721 ",4.25%,5,$0 ,$0 
2015,116-DCA-15-004C [Unallocated],Bai Tushum,Kyrgyzstan,12/31/2014,12/31/2021,7/4/2021,SME,,Agri,,Loan Portfolio Guarantee,Active,50.00%,"$1,258,944 ",$0 ,0.00%,0,$0 ,$0 
2015,121-DCA-15-006,ProCredit Bank,Ukraine,9/30/2015,9/30/2023,9/30/2022,SME,,Agri,Energy,Loan Portfolio Guarantee,Active,50.00%,"$9,285,000 ",$0 ,0.00%,0,$0 ,$0 
2015,165-DCA-15-004,ProCredit Bank AD Skopje,Macedonia,9/28/2015,9/28/2025,9/28/2020,SME,Women,Agri,,Loan Portfolio Guarantee,Active,50.00%,"$6,316,683 ",$0 ,0.00%,0,$0 ,$0 
2015,167-DCA-15-005,TEB Bank Sha,Kosovo,9/29/2015,9/29/2022,9/30/2021,Women,,Other,,Loan Portfolio Guarantee,Active,50.00%,"$1,723,482 ",$0 ,0.00%,0,$0 ,$0 
2015,168-DCA-15-009,Nova Banka,Bosnia Herzegovina,9/30/2015,9/30/2025,3/30/2025,Diasp,,General,,Loan Portfolio Guarantee,Active,50.00%,"$10,000,000 ",$0 ,0.00%,0,$0 ,$0 
2015,168-DCA-15-010,ProCredit Bank Sarajevo,Bosnia Herzegovina,9/29/2015,9/29/2025,3/25/2025,SME,,General,,Loan Portfolio Guarantee,Active,50.00%,"$15,000,000 ",$0 ,0.00%,0,$0 ,$0 
2015,168-DCA-15-011,Sparkasse Bank,Bosnia Herzegovina,9/30/2015,9/30/2025,3/30/2025,SME,,General,,Loan Portfolio Guarantee,Active,50.00%,"$5,000,000 ",$0 ,0.00%,0,$0 ,$0 
2015,294-DCA-15-003,PalLease,West Bank/Gaza,9/29/2015,9/29/2022,4/2/2022,Other,,General,,Loan Portfolio Guarantee,Active,35.00%,"$2,680,000 ",$0 ,0.00%,0,$0 ,$0 
2015,386-DCA-15-009A,Caspian Impact Investments,India,9/28/2015,9/28/2023,9/28/2022,SME,Diasp,General,,Loan Portfolio Guarantee,Active,50.00%,"$15,000,000 ",$0 ,0.00%,0,$0 ,$0 
2015,386-DCA-15-009B,Radaur Holdings Private Ltd (Grameen Impact India),India,9/28/2015,9/28/2023,9/28/2022,SME,Diasp,General,,Loan Portfolio Guarantee,Active,50.00%,"$10,000,000 ",$0 ,0.00%,0,$0 ,$0 
2015,386-DCA-15-009C [Unallocated],Caspian Impact Investments,India,9/28/2015,9/28/2023,9/28/2022,SME,Diasp,General,,Loan Portfolio Guarantee,Active,50.00%,"$20,000,000 ",$0 ,0.00%,0,$0 ,$0 
2015,386-DCA-15-010,Rabo India Finance Ltd (RIF),India,9/28/2015,9/28/2019,4/1/2019,Other,,Agri,,Loan Guarantee,Active,50.00%,"$8,200,000 ",$0 ,0.00%,0,$0 ,$0 
2015,388-DCA-15-004A,Prime Bank,Bangladesh,9/29/2015,4/1/2021,7/1/2018,Other,,Indu,,Loan Portfolio Guarantee,Active,50.00%,"$6,000,000 ",$0 ,0.00%,0,$0 ,$0 
2015,388-DCA-15-004B,United Commercial Bank (UCB),Bangladesh,9/29/2015,4/1/2021,7/1/2018,Other,,Indu,,Loan Portfolio Guarantee,Active,50.00%,"$6,000,000 ",$0 ,0.00%,0,$0 ,$0 
2015,388-DCA-15-004C [Unallocated],Prime Bank,Bangladesh,9/29/2015,4/1/2021,7/1/2018,Other,,Indu,,Loan Portfolio Guarantee,Active,50.00%,"$6,000,000 ",$0 ,0.00%,0,$0 ,$0 
2015,388-DCA-15-005,United Commercial Bank (UCB),Bangladesh,9/29/2015,4/1/2023,6/30/2018,Other,,Indu,,Loan Portfolio Guarantee,Active,50.00%,"$3,994,000 ",$0 ,0.00%,0,$0 ,$0 
2015,514-DCA-15-003A,Bancamia,Colombia,9/25/2015,9/25/2025,3/25/2025,Micro,,Agri,,Micro-Finance Institute - Loan Portfolio Guarantee,Active,50.00%,"$35,000,000 ",$0 ,0.00%,0,$0 ,$0 
2015,514-DCA-15-003B,Bancompartir (formerly Finamerica),Colombia,9/25/2015,9/25/2025,3/25/2025,Micro,,Agri,,Micro-Finance Institute - Loan Portfolio Guarantee,Active,50.00%,"$35,000,000 ",$0 ,0.00%,0,$0 ,$0 
2015,514-DCA-15-003C,Banco Davivienda SA,Colombia,9/25/2015,9/25/2025,3/25/2025,Micro,SME,Agri,,Micro-Finance Institute - Loan Portfolio Guarantee,Active,50.00%,"$8,500,000 ",$0 ,0.00%,0,$0 ,$0 
2015,514-DCA-15-003D (Unallocated Reserve Amount),Bancamia,Colombia,9/25/2015,9/25/2025,3/25/2025,Micro,,Agri,,Micro-Finance Institute - Loan Portfolio Guarantee,Active,50.00%,"$41,500,000 ",$0 ,0.00%,0,$0 ,$0 
2015,521-DCA-15-014,ACTION POUR LA COOPERATION AVEC LA MICRO-ENTERPRISE (ACME),Haiti,9/30/2015,9/30/2026,3/31/2020,Micro,,Agri,,Portable Guarantee,Active,50.00%,"$5,353,156 ",$0 ,0.00%,0,$0 ,$0 
2015,532-DCA-15-006,First Global Bank Limited,Jamaica,9/11/2015,9/11/2025,9/11/2023,SME,Micro,Energy,,Loan Portfolio Guarantee,Active,50.00%,"$4,488,950 ",$0 ,0.00%,0,$0 ,$0 
2015,532-DCA-15-007A,Access Financial Services,Jamaica,9/30/2015,9/30/2023,9/30/2022,Micro,,General,,Micro-Finance Institute - Loan Portfolio Guarantee,Active,50.00%,"$1,000,000 ",$0 ,0.00%,0,$0 ,$0 
2015,532-DCA-15-007B,JN Small Business Loan,Jamaica,9/30/2015,9/30/2023,10/14/2015,Micro,,General,,Micro-Finance Institute - Loan Portfolio Guarantee,Expired,50.00%,"$1,000,000 ",$0 ,0.00%,0,$0 ,$0 
2015,532-DCA-15-007C (Unallocated Reserve Amount),Access Financial Services,Jamaica,9/30/2015,9/30/2023,9/30/2022,Micro,,General,,Micro-Finance Institute - Loan Portfolio Guarantee,Active,50.00%,"$6,510,638 ",$0 ,0.00%,0,$0 ,$0 
2015,611-DCA-15-011,Madison Finance Company Limited,Zambia,9/29/2015,9/29/2022,3/31/2022,SME,,Agri,Energy,Loan Portfolio Guarantee,Active,50.00%,"$8,000,000 ",$0 ,0.00%,0,$0 ,$0 
2015,611-DCA-15-012,Zambia National Commercial Bank PLC (ZANACO),Zambia,9/10/2015,9/10/2023,9/30/2020,SME,,Agri,,Loan Portfolio Guarantee,Active,50.00%,"$35,000,000 ",$0 ,0.00%,0,$0 ,$0 
2015,611-DCA-15-013,Standard Chartered Bank (Group),Zambia,9/30/2015,9/30/2023,4/3/2023,General,,Energy,,Loan Guarantee,Active,50.00%,"$60,000,000 ",$0 ,0.00%,0,$0 ,$0 
2015,613-DCA-15-002,Barclays Bank of Zimbabwe,Zimbabwe,9/25/2015,9/25/2022,9/25/2021,SME,"Youth, Women",Agri,,Loan Portfolio Guarantee,Active,50.00%,"$40,000,000 ",$0 ,0.00%,0,$0 ,$0 
2015,613-DCA-15-003A,Central Africa Building Society,Zimbabwe,9/2/2015,9/2/2022,3/2/2022,SME,,Agri,,Loan Portfolio Guarantee,Active,50.00%,"$5,000,000 ",$0 ,0.00%,0,$0 ,$0 
2015,613-DCA-15-003B,Steward Bank,Zimbabwe,9/2/2015,9/2/2022,3/2/2022,SME,"Youth, Women",Agri,,Loan Portfolio Guarantee,Active,50.00%,"$2,000,000 ",$0 ,0.00%,0,$0 ,$0 
2015,613-DCA-15-003C (Unallocated Reserve),Central Africa Building Society,Zimbabwe,9/2/2015,9/2/2022,3/2/2022,SME,"Youth, Women",Agri,,Loan Portfolio Guarantee,Active,50.00%,"$11,635,000 ",$0 ,0.00%,0,$0 ,$0 
2015,615-DCA-15-028,K-Rep Bank,Kenya,9/29/2015,9/29/2027,9/29/2026,MunFin,,Water,,Loan Portfolio Guarantee,Active,50.00%,"$5,000,000 ",$0 ,0.00%,0,$0 ,$0 
2015,615-DCA-15-029,Kenya Union of Savings and Credit Co-operatives Ltd (KUSCCO),Kenya,9/29/2015,9/29/2021,9/29/2020,Micro,,Agri,Energy,Portable Guarantee,Active,50.00%,"$7,500,000 ",$0 ,0.00%,0,$0 ,$0 
2015,620-DCA-15-011,Union Bank of Nigeria,Nigeria,8/20/2015,8/20/2023,2/21/2023,SME,Micro,Agri,,Loan Portfolio Guarantee,Active,50.00%,"$12,000,000 ",$0 ,0.00%,0,$0 ,$0 
2015,620-DCA-15-012,Fortis Microfinance Bank,Nigeria,9/29/2015,9/29/2025,4/2/2025,Micro,SME,Agri,,Loan Portfolio Guarantee,Active,50.00%,"$5,000,000 ",$0 ,0.00%,0,$0 ,$0 
2015,621-DCA-15-010,Equity for Tanzania Limited (EFTA),Tanzania,9/28/2015,9/28/2023,9/28/2021,SME,,Agri,,Portable Guarantee,Active,50.00%,"$4,726,500 ",$0 ,0.00%,0,$0 ,$0 
2015,624-DCA-15-006,Ecobank Cameroon,West Africa,9/30/2015,9/30/2023,4/3/2023,SME,Micro,Health,,Loan Portfolio Guarantee,Active,50.00%,"$3,700,000 ",$0 ,0.00%,0,$0 ,$0 
2015,641-DC-15-011A,First Allied Savings and Loans Limited,Ghana,9/25/2015,9/25/2022,3/25/2022,SME,,Agri,,Loan Portfolio Guarantee,Active,50.00%,"$3,000,000 ",$0 ,0.00%,0,$0 ,$0 
2015,641-DC-15-011 Unallocated Reserve,First Allied Savings and Loans Limited,Ghana,9/25/2015,9/25/2022,3/25/2022,SME,,Agri,,Loan Portfolio Guarantee,Active,50.00%,"$3,375,000 ",$0 ,0.00%,0,$0 ,$0 
2015,641-DCA-15-011B,Fidelity Bank Ghana Limited,Ghana,9/25/2015,9/25/2022,3/29/2022,SME,Micro,Agri,,Loan Portfolio Guarantee,Active,50.00%,"$5,000,000 ",$0 ,0.00%,0,$0 ,$0 
2015,669-DCA-15-003,Afriland First Bank (Liberia) Ltd,Liberia,9/28/2015,9/28/2022,4/1/2022,Micro,SME,Agri,General,Loan Portfolio Guarantee,Active,50.00%,"$3,174,603 ",$0 ,0.00%,0,$0 ,$0 
2015,674-DCA-15-020,Oikocredit,Africa Region Funded Activities,9/29/2015,9/29/2025,9/29/2024,Micro,SME,Agri,Energy,Loan Portfolio Guarantee,Active,50.00%,"$40,000,000 ",$0 ,0.00%,0,$0 ,$0 
2015,687-DCA-15-001,Access Banque Madagascar,Madagascar (Malagasy Republic),9/29/2015,9/29/2020,4/2/2020,SME,,Health,,Loan Portfolio Guarantee,Active,50.00%,"$2,500,000 ",$0 ,0.00%,0,$0 ,$0 
2015,687-DCA-15-002 (Loan to Lafaza),Root Capital,Madagascar (Malagasy Republic),9/25/2015,9/25/2019,3/29/2019,SME,Micro,Agri,,Loan Guarantee,Active,50.00%,"$1,000,000 ",$0 ,0.00%,0,$0 ,$0 
2015,698-DCA-15-003A,Ecobank Ghana Limited,Africa Region Funded Activities,9/30/2015,9/30/2023,9/30/2022,SME,,Energy,,Loan Portfolio Guarantee,Active,50.00%,"$10,000,000 ",$0 ,0.00%,0,$0 ,$0 
2015,698-DCA-15-003B,"Ceniarth, LLC",Africa Region Funded Activities,9/29/2015,9/29/2023,9/29/2022,SME,,Energy,,Loan Portfolio Guarantee,Active,50.00%,"$20,000,000 ",$0 ,0.00%,0,$0 ,$0 
2015,698-DCA-15-003D Unallocated Reserve,Ecobank Ghana Limited,Africa Region Funded Activities,9/30/2015,9/30/2023,9/30/2023,SME,,Energy,,Loan Portfolio Guarantee,Active,50.00%,"$45,000,000 ",$0 ,0.00%,0,$0 ,$0 
2015,698-DCA-15-004,Lending for African Farming (LAFCo),Africa Region Funded Activities,9/29/2015,9/29/2025,4/2/2025,SME,,Agri,,Loan Portfolio Guarantee,Active,50.00%,"$50,000,000 ",$0 ,0.00%,0,$0 ,$0 
,,,,,,,,,,,,,,,,,,,
,,,,,,,,,,,,,,,,,,,
,,,,,,,,,,,,,,,,,,,
,,,,,,,,,,,,,,,,,,,
,,,,,,,,,,,,,,,,,,,
,,,,,,,,,,,,,,,"$1,543,621,019 ",,215438,"$19,917,245 ","$1,571,064 "
,,,,,,,,,,,,,,,Cumulative Utilization,,Cumulative Loans,Claims,Recoveries
